{
  "type": "FeatureCollection",
  "features": [
    {
      "type": "Feature",
      "properties": {
        "id": "maharashtra-nanded-nanded-waghala-city-municipal-corporation",
        "name": "Nanded Waghala City Municipal Corporation",
        "state": "Maharashtra",
        "district": "Nanded",
        "geometry_source": "dissolved_wards",
        "last_updated": null
      },
      "geometry": {
        "type": "MultiPolygon",
        "coordinates": [
          [
            [
              [
                77.3055,
                19.120984
              ],
              [
                77.305508,
                19.119955
              ],
              [
                77.30514,
                19.117309
              ],
              [
                77.305595,
                19.117275
              ],
              [
                77.306839,
                19.117168
              ],
              [
                77.308625,
                19.116878
              ],
              [
                77.310703,
                19.116665
              ],
              [
                77.312112,
                19.116768
              ],
              [
                77.313865,
                19.117106
              ],
              [
                77.31812,
                19.117292
              ],
              [
                77.318668,
                19.116616
              ],
              [
                77.319007,
                19.116394
              ],
              [
                77.321683,
                19.115974
              ],
              [
                77.322432,
                19.115926
              ],
              [
                77.322984,
                19.115998
              ],
              [
                77.324165,
                19.116577
              ],
              [
                77.324549,
                19.116632
              ],
              [
                77.324944,
                19.116582
              ],
              [
                77.325068,
                19.116537
              ],
              [
                77.324899,
                19.115997
              ],
              [
                77.324317,
                19.116173
              ],
              [
                77.324099,
                19.115602
              ],
              [
                77.323924,
                19.115173
              ],
              [
                77.323696,
                19.114384
              ],
              [
                77.325278,
                19.114089
              ],
              [
                77.32676,
                19.113626
              ],
              [
                77.326471,
                19.112733
              ],
              [
                77.325987,
                19.11141
              ],
              [
                77.325365,
                19.109597
              ],
              [
                77.325098,
                19.108765
              ],
              [
                77.3245,
                19.107054
              ],
              [
                77.324177,
                19.106193
              ],
              [
                77.324588,
                19.106012
              ],
              [
                77.324188,
                19.103609
              ],
              [
                77.323993,
                19.102425
              ],
              [
                77.323694,
                19.100432
              ],
              [
                77.32357,
                19.099518
              ],
              [
                77.323445,
                19.098259
              ],
              [
                77.323293,
                19.096834
              ],
              [
                77.323247,
                19.0955
              ],
              [
                77.322344,
                19.095263
              ],
              [
                77.321636,
                19.09494
              ],
              [
                77.321281,
                19.09405
              ],
              [
                77.320851,
                19.09322
              ],
              [
                77.319883,
                19.091951
              ],
              [
                77.319328,
                19.091493
              ],
              [
                77.318904,
                19.091616
              ],
              [
                77.318516,
                19.090475
              ],
              [
                77.317915,
                19.088742
              ],
              [
                77.317548,
                19.0882
              ],
              [
                77.316985,
                19.088348
              ],
              [
                77.315314,
                19.088813
              ],
              [
                77.313616,
                19.08913
              ],
              [
                77.312521,
                19.089425
              ],
              [
                77.312388,
                19.088405
              ],
              [
                77.311394,
                19.088421
              ],
              [
                77.311052,
                19.088457
              ],
              [
                77.310685,
                19.088489
              ],
              [
                77.309364,
                19.088598
              ],
              [
                77.309167,
                19.08861
              ],
              [
                77.30875,
                19.088652
              ],
              [
                77.307478,
                19.088822
              ],
              [
                77.306841,
                19.08887
              ],
              [
                77.305857,
                19.088921
              ],
              [
                77.305729,
                19.088975
              ],
              [
                77.30532,
                19.089104
              ],
              [
                77.305033,
                19.089207
              ],
              [
                77.304142,
                19.089503
              ],
              [
                77.304467,
                19.090412
              ],
              [
                77.303939,
                19.090714
              ],
              [
                77.304037,
                19.091517
              ],
              [
                77.303647,
                19.091632
              ],
              [
                77.303489,
                19.092222
              ],
              [
                77.302845,
                19.09255
              ],
              [
                77.302169,
                19.092838
              ],
              [
                77.301574,
                19.093153
              ],
              [
                77.301042,
                19.093414
              ],
              [
                77.301059,
                19.094308
              ],
              [
                77.300881,
                19.09497
              ],
              [
                77.300376,
                19.095958
              ],
              [
                77.299686,
                19.096787
              ],
              [
                77.299304,
                19.097038
              ],
              [
                77.299205,
                19.09838
              ],
              [
                77.298939,
                19.101793
              ],
              [
                77.298902,
                19.102241
              ],
              [
                77.298734,
                19.104331
              ],
              [
                77.296171,
                19.105212
              ],
              [
                77.295893,
                19.105238
              ],
              [
                77.295556,
                19.105754
              ],
              [
                77.295752,
                19.106244
              ],
              [
                77.295143,
                19.106657
              ],
              [
                77.295336,
                19.108283
              ],
              [
                77.295575,
                19.110401
              ],
              [
                77.296156,
                19.110348
              ],
              [
                77.297005,
                19.111887
              ],
              [
                77.296821,
                19.1128
              ],
              [
                77.297051,
                19.114818
              ],
              [
                77.297039,
                19.115856
              ],
              [
                77.297629,
                19.116214
              ],
              [
                77.301983,
                19.11882
              ],
              [
                77.3055,
                19.120984
              ]
            ]
          ],
          [
            [
              [
                77.293429,
                19.118112
              ],
              [
                77.293039,
                19.118065
              ],
              [
                77.29222,
                19.118233
              ],
              [
                77.289417,
                19.118826
              ],
              [
                77.288701,
                19.118897
              ],
              [
                77.287699,
                19.118769
              ],
              [
                77.286901,
                19.118665
              ],
              [
                77.286555,
                19.119101
              ],
              [
                77.285708,
                19.119676
              ],
              [
                77.284217,
                19.120697
              ],
              [
                77.283947,
                19.120884
              ],
              [
                77.2841,
                19.121699
              ],
              [
                77.283597,
                19.124182
              ],
              [
                77.283459,
                19.124943
              ],
              [
                77.282735,
                19.127906
              ],
              [
                77.282474,
                19.128419
              ],
              [
                77.281898,
                19.131339
              ],
              [
                77.281037,
                19.133101
              ],
              [
                77.280607,
                19.133083
              ],
              [
                77.280303,
                19.134564
              ],
              [
                77.280453,
                19.134635
              ],
              [
                77.280009,
                19.137405
              ],
              [
                77.279858,
                19.138476
              ],
              [
                77.279806,
                19.138903
              ],
              [
                77.280005,
                19.140432
              ],
              [
                77.280677,
                19.141785
              ],
              [
                77.281555,
                19.143382
              ],
              [
                77.28218,
                19.143911
              ],
              [
                77.282314,
                19.144386
              ],
              [
                77.283086,
                19.144901
              ],
              [
                77.284761,
                19.145543
              ],
              [
                77.286137,
                19.14567
              ],
              [
                77.287087,
                19.145731
              ],
              [
                77.287655,
                19.145682
              ],
              [
                77.288123,
                19.145627
              ],
              [
                77.288839,
                19.145594
              ],
              [
                77.289535,
                19.145401
              ],
              [
                77.291107,
                19.14494
              ],
              [
                77.291668,
                19.144835
              ],
              [
                77.292793,
                19.144706
              ],
              [
                77.293924,
                19.144728
              ],
              [
                77.296049,
                19.144691
              ],
              [
                77.295851,
                19.145562
              ],
              [
                77.299369,
                19.146436
              ],
              [
                77.305423,
                19.147549
              ],
              [
                77.308261,
                19.147082
              ],
              [
                77.309445,
                19.146852
              ],
              [
                77.31281,
                19.145791
              ],
              [
                77.318824,
                19.143223
              ],
              [
                77.327269,
                19.138985
              ],
              [
                77.327067,
                19.137653
              ],
              [
                77.326783,
                19.135877
              ],
              [
                77.326888,
                19.133497
              ],
              [
                77.327035,
                19.130324
              ],
              [
                77.327135,
                19.128883
              ],
              [
                77.327129,
                19.125406
              ],
              [
                77.327123,
                19.125004
              ],
              [
                77.327118,
                19.12323
              ],
              [
                77.327102,
                19.122091
              ],
              [
                77.327102,
                19.120546
              ],
              [
                77.327124,
                19.118447
              ],
              [
                77.327132,
                19.117007
              ],
              [
                77.327238,
                19.116203
              ],
              [
                77.327269,
                19.115109
              ],
              [
                77.326765,
                19.113638
              ],
              [
                77.325289,
                19.114091
              ],
              [
                77.323711,
                19.114392
              ],
              [
                77.323952,
                19.115201
              ],
              [
                77.324168,
                19.11573
              ],
              [
                77.32432,
                19.116156
              ],
              [
                77.324907,
                19.115975
              ],
              [
                77.325088,
                19.116542
              ],
              [
                77.324946,
                19.116599
              ],
              [
                77.324557,
                19.116651
              ],
              [
                77.324164,
                19.116594
              ],
              [
                77.322983,
                19.116012
              ],
              [
                77.322433,
                19.115945
              ],
              [
                77.321696,
                19.11599
              ],
              [
                77.320908,
                19.116113
              ],
              [
                77.319015,
                19.116405
              ],
              [
                77.318688,
                19.116617
              ],
              [
                77.318129,
                19.11731
              ],
              [
                77.315749,
                19.117206
              ],
              [
                77.313864,
                19.117125
              ],
              [
                77.312134,
                19.11678
              ],
              [
                77.310708,
                19.116679
              ],
              [
                77.308618,
                19.116895
              ],
              [
                77.306837,
                19.117185
              ],
              [
                77.305154,
                19.11732
              ],
              [
                77.305524,
                19.119947
              ],
              [
                77.305512,
                19.121006
              ],
              [
                77.301119,
                19.118306
              ],
              [
                77.297017,
                19.115897
              ],
              [
                77.297095,
                19.117652
              ],
              [
                77.294252,
                19.117901
              ],
              [
                77.293429,
                19.118112
              ]
            ]
          ],
          [
            [
              [
                77.306956,
                19.158412
              ],
              [
                77.307084,
                19.158189
              ],
              [
                77.306168,
                19.157991
              ],
              [
                77.305959,
                19.157958
              ],
              [
                77.304625,
                19.157563
              ],
              [
                77.304346,
                19.156788
              ],
              [
                77.303964,
                19.155796
              ],
              [
                77.303833,
                19.155271
              ],
              [
                77.304571,
                19.154994
              ],
              [
                77.305288,
                19.154671
              ],
              [
                77.305856,
                19.15441
              ],
              [
                77.305713,
                19.153722
              ],
              [
                77.305675,
                19.153541
              ],
              [
                77.305499,
                19.152774
              ],
              [
                77.305402,
                19.152346
              ],
              [
                77.305353,
                19.152115
              ],
              [
                77.305294,
                19.151856
              ],
              [
                77.305099,
                19.150914
              ],
              [
                77.304997,
                19.149901
              ],
              [
                77.305032,
                19.149538
              ],
              [
                77.305282,
                19.14949
              ],
              [
                77.305347,
                19.14871
              ],
              [
                77.305329,
                19.147574
              ],
              [
                77.299282,
                19.146487
              ],
              [
                77.295816,
                19.145604
              ],
              [
                77.295381,
                19.147411
              ],
              [
                77.295353,
                19.147845
              ],
              [
                77.295329,
                19.148218
              ],
              [
                77.2953,
                19.148674
              ],
              [
                77.295275,
                19.148985
              ],
              [
                77.295237,
                19.149371
              ],
              [
                77.295185,
                19.149918
              ],
              [
                77.29514,
                19.150376
              ],
              [
                77.295126,
                19.150514
              ],
              [
                77.295123,
                19.150599
              ],
              [
                77.295116,
                19.150978
              ],
              [
                77.295108,
                19.15132
              ],
              [
                77.295091,
                19.151627
              ],
              [
                77.295076,
                19.152016
              ],
              [
                77.295045,
                19.152569
              ],
              [
                77.295014,
                19.153167
              ],
              [
                77.29499,
                19.153652
              ],
              [
                77.29496,
                19.154293
              ],
              [
                77.294948,
                19.154391
              ],
              [
                77.294892,
                19.154914
              ],
              [
                77.294743,
                19.154948
              ],
              [
                77.294614,
                19.154969
              ],
              [
                77.294445,
                19.155003
              ],
              [
                77.294289,
                19.155027
              ],
              [
                77.294096,
                19.155066
              ],
              [
                77.293916,
                19.155098
              ],
              [
                77.293669,
                19.155147
              ],
              [
                77.293317,
                19.15521
              ],
              [
                77.293247,
                19.155215
              ],
              [
                77.293024,
                19.155234
              ],
              [
                77.292795,
                19.155258
              ],
              [
                77.292576,
                19.155282
              ],
              [
                77.292432,
                19.1553
              ],
              [
                77.292045,
                19.155351
              ],
              [
                77.291511,
                19.155433
              ],
              [
                77.291287,
                19.155479
              ],
              [
                77.291107,
                19.155516
              ],
              [
                77.290883,
                19.155559
              ],
              [
                77.290474,
                19.15564
              ],
              [
                77.290233,
                19.155689
              ],
              [
                77.290218,
                19.156148
              ],
              [
                77.290207,
                19.156551
              ],
              [
                77.290196,
                19.156936
              ],
              [
                77.290183,
                19.157225
              ],
              [
                77.290148,
                19.157823
              ],
              [
                77.289875,
                19.157874
              ],
              [
                77.289955,
                19.158792
              ],
              [
                77.290001,
                19.159331
              ],
              [
                77.290022,
                19.159508
              ],
              [
                77.291914,
                19.159652
              ],
              [
                77.293101,
                19.159716
              ],
              [
                77.293563,
                19.159733
              ],
              [
                77.295477,
                19.159813
              ],
              [
                77.296669,
                19.159855
              ],
              [
                77.297087,
                19.159888
              ],
              [
                77.297696,
                19.159922
              ],
              [
                77.298087,
                19.159938
              ],
              [
                77.298885,
                19.159973
              ],
              [
                77.299969,
                19.160028
              ],
              [
                77.300302,
                19.160047
              ],
              [
                77.300615,
                19.160074
              ],
              [
                77.302765,
                19.1602
              ],
              [
                77.30372,
                19.160228
              ],
              [
                77.304403,
                19.160264
              ],
              [
                77.304979,
                19.160306
              ],
              [
                77.306009,
                19.160384
              ],
              [
                77.306583,
                19.160429
              ],
              [
                77.306646,
                19.159509
              ],
              [
                77.306744,
                19.158769
              ],
              [
                77.306956,
                19.158412
              ]
            ]
          ],
          [
            [
              [
                77.313856,
                19.151686
              ],
              [
                77.314022,
                19.151373
              ],
              [
                77.314178,
                19.151119
              ],
              [
                77.314125,
                19.151147
              ],
              [
                77.313899,
                19.151287
              ],
              [
                77.313636,
                19.151428
              ],
              [
                77.313241,
                19.1517
              ],
              [
                77.312715,
                19.152053
              ],
              [
                77.312215,
                19.152495
              ],
              [
                77.311944,
                19.152723
              ],
              [
                77.311715,
                19.152948
              ],
              [
                77.311054,
                19.153591
              ],
              [
                77.309677,
                19.154732
              ],
              [
                77.309635,
                19.154677
              ],
              [
                77.30949,
                19.154129
              ],
              [
                77.309367,
                19.153778
              ],
              [
                77.309294,
                19.153261
              ],
              [
                77.309263,
                19.153201
              ],
              [
                77.308758,
                19.153352
              ],
              [
                77.308082,
                19.15357
              ],
              [
                77.307609,
                19.153751
              ],
              [
                77.30655,
                19.154166
              ],
              [
                77.306162,
                19.154317
              ],
              [
                77.305805,
                19.154458
              ],
              [
                77.305456,
                19.154615
              ],
              [
                77.303899,
                19.155313
              ],
              [
                77.303958,
                19.155612
              ],
              [
                77.304391,
                19.156755
              ],
              [
                77.304524,
                19.157122
              ],
              [
                77.304647,
                19.157523
              ],
              [
                77.305936,
                19.157927
              ],
              [
                77.306886,
                19.158137
              ],
              [
                77.307105,
                19.158181
              ],
              [
                77.306773,
                19.158782
              ],
              [
                77.306731,
                19.159091
              ],
              [
                77.30668,
                19.159499
              ],
              [
                77.306606,
                19.16043
              ],
              [
                77.306661,
                19.160466
              ],
              [
                77.307245,
                19.160548
              ],
              [
                77.307693,
                19.160592
              ],
              [
                77.308209,
                19.160663
              ],
              [
                77.308929,
                19.160687
              ],
              [
                77.310517,
                19.160759
              ],
              [
                77.311445,
                19.160814
              ],
              [
                77.312673,
                19.160872
              ],
              [
                77.313066,
                19.160875
              ],
              [
                77.313549,
                19.16089
              ],
              [
                77.313958,
                19.160913
              ],
              [
                77.314229,
                19.160897
              ],
              [
                77.315008,
                19.16087
              ],
              [
                77.31556,
                19.160839
              ],
              [
                77.315607,
                19.160805
              ],
              [
                77.317947,
                19.160923
              ],
              [
                77.319028,
                19.160992
              ],
              [
                77.320245,
                19.161286
              ],
              [
                77.32074,
                19.161438
              ],
              [
                77.321434,
                19.161655
              ],
              [
                77.322911,
                19.162236
              ],
              [
                77.322923,
                19.161403
              ],
              [
                77.322769,
                19.160521
              ],
              [
                77.322668,
                19.159514
              ],
              [
                77.322614,
                19.158804
              ],
              [
                77.322539,
                19.157955
              ],
              [
                77.324297,
                19.156727
              ],
              [
                77.324258,
                19.155156
              ],
              [
                77.324245,
                19.153161
              ],
              [
                77.324187,
                19.151928
              ],
              [
                77.324073,
                19.150947
              ],
              [
                77.324045,
                19.15049
              ],
              [
                77.324195,
                19.149331
              ],
              [
                77.323631,
                19.149294
              ],
              [
                77.322733,
                19.149317
              ],
              [
                77.321977,
                19.149444
              ],
              [
                77.320921,
                19.149655
              ],
              [
                77.320504,
                19.149742
              ],
              [
                77.320068,
                19.149862
              ],
              [
                77.319564,
                19.150021
              ],
              [
                77.319094,
                19.150282
              ],
              [
                77.318305,
                19.150872
              ],
              [
                77.317579,
                19.15135
              ],
              [
                77.316111,
                19.151882
              ],
              [
                77.315257,
                19.152183
              ],
              [
                77.314298,
                19.15257
              ],
              [
                77.313756,
                19.152821
              ],
              [
                77.31322,
                19.153078
              ],
              [
                77.313106,
                19.153122
              ],
              [
                77.313511,
                19.15232
              ],
              [
                77.313648,
                19.152066
              ],
              [
                77.313856,
                19.151686
              ]
            ]
          ],
          [
            [
              [
                77.307254,
                19.160567
              ],
              [
                77.30668,
                19.160491
              ],
              [
                77.306564,
                19.160447
              ],
              [
                77.306071,
                19.160404
              ],
              [
                77.305486,
                19.160356
              ],
              [
                77.304603,
                19.160294
              ],
              [
                77.303781,
                19.160244
              ],
              [
                77.303395,
                19.160235
              ],
              [
                77.303051,
                19.160228
              ],
              [
                77.302805,
                19.160222
              ],
              [
                77.302519,
                19.1602
              ],
              [
                77.302031,
                19.160168
              ],
              [
                77.301725,
                19.160147
              ],
              [
                77.301447,
                19.160135
              ],
              [
                77.301145,
                19.160123
              ],
              [
                77.300672,
                19.160103
              ],
              [
                77.300264,
                19.160066
              ],
              [
                77.299964,
                19.160055
              ],
              [
                77.299689,
                19.160044
              ],
              [
                77.299207,
                19.160021
              ],
              [
                77.298973,
                19.160012
              ],
              [
                77.298622,
                19.159997
              ],
              [
                77.298017,
                19.159965
              ],
              [
                77.297447,
                19.159938
              ],
              [
                77.296794,
                19.159906
              ],
              [
                77.296133,
                19.159871
              ],
              [
                77.291889,
                19.159678
              ],
              [
                77.290898,
                19.159632
              ],
              [
                77.290249,
                19.159606
              ],
              [
                77.289999,
                19.159597
              ],
              [
                77.290006,
                19.159783
              ],
              [
                77.289006,
                19.159887
              ],
              [
                77.288104,
                19.159977
              ],
              [
                77.288026,
                19.159985
              ],
              [
                77.288032,
                19.160191
              ],
              [
                77.288048,
                19.16068
              ],
              [
                77.288066,
                19.161336
              ],
              [
                77.288086,
                19.162066
              ],
              [
                77.28812,
                19.162377
              ],
              [
                77.288231,
                19.163578
              ],
              [
                77.288283,
                19.163977
              ],
              [
                77.288335,
                19.164333
              ],
              [
                77.288422,
                19.165042
              ],
              [
                77.288505,
                19.165344
              ],
              [
                77.288639,
                19.165848
              ],
              [
                77.28873,
                19.166193
              ],
              [
                77.288899,
                19.166786
              ],
              [
                77.289512,
                19.166518
              ],
              [
                77.289766,
                19.166408
              ],
              [
                77.290266,
                19.166194
              ],
              [
                77.290446,
                19.166117
              ],
              [
                77.290762,
                19.165979
              ],
              [
                77.291175,
                19.165789
              ],
              [
                77.291699,
                19.165547
              ],
              [
                77.291925,
                19.165433
              ],
              [
                77.2925,
                19.165155
              ],
              [
                77.292892,
                19.164886
              ],
              [
                77.292996,
                19.164794
              ],
              [
                77.293353,
                19.164501
              ],
              [
                77.293734,
                19.164175
              ],
              [
                77.293915,
                19.164014
              ],
              [
                77.294346,
                19.163631
              ],
              [
                77.294587,
                19.163405
              ],
              [
                77.295158,
                19.162892
              ],
              [
                77.295405,
                19.162717
              ],
              [
                77.295671,
                19.162513
              ],
              [
                77.295802,
                19.162439
              ],
              [
                77.295916,
                19.162653
              ],
              [
                77.296097,
                19.163006
              ],
              [
                77.296185,
                19.163185
              ],
              [
                77.296367,
                19.163559
              ],
              [
                77.296531,
                19.163887
              ],
              [
                77.296393,
                19.163966
              ],
              [
                77.296887,
                19.165015
              ],
              [
                77.297,
                19.165257
              ],
              [
                77.29801,
                19.164518
              ],
              [
                77.298918,
                19.163893
              ],
              [
                77.29969,
                19.165257
              ],
              [
                77.300091,
                19.16498
              ],
              [
                77.300636,
                19.164583
              ],
              [
                77.300689,
                19.164543
              ],
              [
                77.301255,
                19.164051
              ],
              [
                77.30132,
                19.164232
              ],
              [
                77.301367,
                19.164411
              ],
              [
                77.301491,
                19.164878
              ],
              [
                77.301493,
                19.165223
              ],
              [
                77.301486,
                19.16557
              ],
              [
                77.30173,
                19.165541
              ],
              [
                77.30176,
                19.165689
              ],
              [
                77.301998,
                19.165642
              ],
              [
                77.301957,
                19.165558
              ],
              [
                77.301942,
                19.165493
              ],
              [
                77.302513,
                19.16542
              ],
              [
                77.302456,
                19.164922
              ],
              [
                77.302665,
                19.164891
              ],
              [
                77.302757,
                19.165418
              ],
              [
                77.303475,
                19.16538
              ],
              [
                77.303496,
                19.165366
              ],
              [
                77.303763,
                19.165315
              ],
              [
                77.304004,
                19.165312
              ],
              [
                77.305345,
                19.165237
              ],
              [
                77.305039,
                19.166954
              ],
              [
                77.304708,
                19.168568
              ],
              [
                77.304465,
                19.169788
              ],
              [
                77.304332,
                19.170464
              ],
              [
                77.304361,
                19.170845
              ],
              [
                77.304392,
                19.171262
              ],
              [
                77.304449,
                19.171936
              ],
              [
                77.30486,
                19.171913
              ],
              [
                77.305628,
                19.171891
              ],
              [
                77.306664,
                19.171865
              ],
              [
                77.308261,
                19.172001
              ],
              [
                77.309256,
                19.172087
              ],
              [
                77.309363,
                19.171329
              ],
              [
                77.309482,
                19.170513
              ],
              [
                77.309547,
                19.170055
              ],
              [
                77.3096,
                19.169634
              ],
              [
                77.309637,
                19.169354
              ],
              [
                77.309812,
                19.168062
              ],
              [
                77.309815,
                19.168043
              ],
              [
                77.309965,
                19.167958
              ],
              [
                77.310707,
                19.167535
              ],
              [
                77.310848,
                19.167457
              ],
              [
                77.31088,
                19.167373
              ],
              [
                77.310955,
                19.167207
              ],
              [
                77.31101,
                19.167075
              ],
              [
                77.311097,
                19.166881
              ],
              [
                77.311196,
                19.166663
              ],
              [
                77.31127,
                19.166498
              ],
              [
                77.311344,
                19.166327
              ],
              [
                77.311358,
                19.166277
              ],
              [
                77.311412,
                19.165987
              ],
              [
                77.311469,
                19.165655
              ],
              [
                77.311521,
                19.165367
              ],
              [
                77.311584,
                19.165005
              ],
              [
                77.311608,
                19.164859
              ],
              [
                77.311633,
                19.16472
              ],
              [
                77.311647,
                19.164602
              ],
              [
                77.311665,
                19.164417
              ],
              [
                77.31168,
                19.164276
              ],
              [
                77.311692,
                19.164242
              ],
              [
                77.311723,
                19.164148
              ],
              [
                77.311768,
                19.164015
              ],
              [
                77.311813,
                19.163872
              ],
              [
                77.311862,
                19.163719
              ],
              [
                77.311895,
                19.163617
              ],
              [
                77.311938,
                19.163486
              ],
              [
                77.312031,
                19.163195
              ],
              [
                77.312149,
                19.162833
              ],
              [
                77.312281,
                19.162436
              ],
              [
                77.312264,
                19.162417
              ],
              [
                77.312372,
                19.162177
              ],
              [
                77.312495,
                19.161904
              ],
              [
                77.312531,
                19.161827
              ],
              [
                77.312563,
                19.161647
              ],
              [
                77.31266,
                19.160906
              ],
              [
                77.311428,
                19.160836
              ],
              [
                77.310511,
                19.160792
              ],
              [
                77.309763,
                19.160746
              ],
              [
                77.30819,
                19.160688
              ],
              [
                77.307254,
                19.160567
              ]
            ]
          ],
          [
            [
              [
                77.296518,
                19.16388
              ],
              [
                77.296368,
                19.163578
              ],
              [
                77.296095,
                19.163013
              ],
              [
                77.29593,
                19.162696
              ],
              [
                77.295797,
                19.162449
              ],
              [
                77.29569,
                19.162508
              ],
              [
                77.295644,
                19.162544
              ],
              [
                77.295411,
                19.162719
              ],
              [
                77.295149,
                19.162908
              ],
              [
                77.294945,
                19.163091
              ],
              [
                77.294593,
                19.16341
              ],
              [
                77.294346,
                19.163639
              ],
              [
                77.294007,
                19.163944
              ],
              [
                77.29389,
                19.164049
              ],
              [
                77.293652,
                19.164257
              ],
              [
                77.293532,
                19.164359
              ],
              [
                77.293308,
                19.164549
              ],
              [
                77.29313,
                19.164698
              ],
              [
                77.2929,
                19.164892
              ],
              [
                77.292816,
                19.164949
              ],
              [
                77.292505,
                19.16516
              ],
              [
                77.292204,
                19.165306
              ],
              [
                77.29184,
                19.165485
              ],
              [
                77.291652,
                19.165575
              ],
              [
                77.291222,
                19.165775
              ],
              [
                77.290948,
                19.1659
              ],
              [
                77.290762,
                19.165987
              ],
              [
                77.290621,
                19.166046
              ],
              [
                77.290457,
                19.16612
              ],
              [
                77.290234,
                19.166217
              ],
              [
                77.290087,
                19.16628
              ],
              [
                77.289538,
                19.166516
              ],
              [
                77.289285,
                19.166629
              ],
              [
                77.289185,
                19.166675
              ],
              [
                77.289125,
                19.1667
              ],
              [
                77.288925,
                19.166787
              ],
              [
                77.288894,
                19.1668
              ],
              [
                77.288911,
                19.166886
              ],
              [
                77.288943,
                19.167043
              ],
              [
                77.288962,
                19.167143
              ],
              [
                77.28898,
                19.167239
              ],
              [
                77.289012,
                19.167407
              ],
              [
                77.28903,
                19.167499
              ],
              [
                77.28906,
                19.167652
              ],
              [
                77.289071,
                19.16771
              ],
              [
                77.289096,
                19.167834
              ],
              [
                77.289114,
                19.167923
              ],
              [
                77.289135,
                19.168041
              ],
              [
                77.289156,
                19.168145
              ],
              [
                77.289178,
                19.168267
              ],
              [
                77.289199,
                19.168372
              ],
              [
                77.289222,
                19.168484
              ],
              [
                77.28925,
                19.168628
              ],
              [
                77.289285,
                19.168815
              ],
              [
                77.289298,
                19.168875
              ],
              [
                77.289327,
                19.169021
              ],
              [
                77.289357,
                19.169172
              ],
              [
                77.289395,
                19.169358
              ],
              [
                77.289485,
                19.169797
              ],
              [
                77.289531,
                19.169902
              ],
              [
                77.289695,
                19.170268
              ],
              [
                77.289868,
                19.170659
              ],
              [
                77.290001,
                19.170831
              ],
              [
                77.290142,
                19.171009
              ],
              [
                77.290259,
                19.17116
              ],
              [
                77.290404,
                19.171329
              ],
              [
                77.290506,
                19.171451
              ],
              [
                77.290652,
                19.171619
              ],
              [
                77.290713,
                19.17169
              ],
              [
                77.290991,
                19.172005
              ],
              [
                77.291051,
                19.172072
              ],
              [
                77.291271,
                19.172321
              ],
              [
                77.291571,
                19.172659
              ],
              [
                77.29173,
                19.172789
              ],
              [
                77.291841,
                19.172877
              ],
              [
                77.29195,
                19.172967
              ],
              [
                77.292101,
                19.173089
              ],
              [
                77.291761,
                19.173167
              ],
              [
                77.291425,
                19.174221
              ],
              [
                77.291259,
                19.174895
              ],
              [
                77.291436,
                19.175012
              ],
              [
                77.291266,
                19.175833
              ],
              [
                77.291517,
                19.177064
              ],
              [
                77.293747,
                19.174114
              ],
              [
                77.295479,
                19.171765
              ],
              [
                77.295984,
                19.171042
              ],
              [
                77.296936,
                19.169818
              ],
              [
                77.297253,
                19.169467
              ],
              [
                77.298435,
                19.168159
              ],
              [
                77.298754,
                19.167777
              ],
              [
                77.299248,
                19.167802
              ],
              [
                77.299304,
                19.16797
              ],
              [
                77.299704,
                19.169566
              ],
              [
                77.300146,
                19.169646
              ],
              [
                77.300367,
                19.169694
              ],
              [
                77.300532,
                19.169729
              ],
              [
                77.301195,
                19.169849
              ],
              [
                77.301564,
                19.169914
              ],
              [
                77.303366,
                19.170247
              ],
              [
                77.304268,
                19.170379
              ],
              [
                77.304559,
                19.168862
              ],
              [
                77.304671,
                19.168287
              ],
              [
                77.304972,
                19.166953
              ],
              [
                77.305315,
                19.165248
              ],
              [
                77.304541,
                19.165294
              ],
              [
                77.304122,
                19.165319
              ],
              [
                77.30376,
                19.165326
              ],
              [
                77.303525,
                19.165368
              ],
              [
                77.303473,
                19.165386
              ],
              [
                77.303364,
                19.16539
              ],
              [
                77.302751,
                19.165425
              ],
              [
                77.30266,
                19.164898
              ],
              [
                77.302464,
                19.164932
              ],
              [
                77.30252,
                19.165426
              ],
              [
                77.301951,
                19.165501
              ],
              [
                77.301965,
                19.165555
              ],
              [
                77.302017,
                19.16565
              ],
              [
                77.301754,
                19.165697
              ],
              [
                77.301727,
                19.165548
              ],
              [
                77.301479,
                19.165578
              ],
              [
                77.301488,
                19.165102
              ],
              [
                77.301483,
                19.164877
              ],
              [
                77.301304,
                19.164198
              ],
              [
                77.301251,
                19.164063
              ],
              [
                77.30069,
                19.164552
              ],
              [
                77.299904,
                19.165137
              ],
              [
                77.29968,
                19.165285
              ],
              [
                77.299351,
                19.164708
              ],
              [
                77.298914,
                19.163909
              ],
              [
                77.298035,
                19.164513
              ],
              [
                77.297708,
                19.16476
              ],
              [
                77.296992,
                19.165285
              ],
              [
                77.296605,
                19.164487
              ],
              [
                77.296463,
                19.164135
              ],
              [
                77.296383,
                19.163961
              ],
              [
                77.296518,
                19.16388
              ]
            ]
          ],
          [
            [
              [
                77.300321,
                19.184371
              ],
              [
                77.301013,
                19.18424
              ],
              [
                77.301984,
                19.184104
              ],
              [
                77.302387,
                19.184065
              ],
              [
                77.303849,
                19.183936
              ],
              [
                77.304417,
                19.18389
              ],
              [
                77.304383,
                19.183042
              ],
              [
                77.304302,
                19.181291
              ],
              [
                77.304245,
                19.179979
              ],
              [
                77.304345,
                19.177575
              ],
              [
                77.30441,
                19.17572
              ],
              [
                77.304464,
                19.174448
              ],
              [
                77.304512,
                19.173747
              ],
              [
                77.304408,
                19.171942
              ],
              [
                77.304271,
                19.170392
              ],
              [
                77.303492,
                19.170276
              ],
              [
                77.302557,
                19.170101
              ],
              [
                77.301186,
                19.169853
              ],
              [
                77.300863,
                19.169793
              ],
              [
                77.300539,
                19.169735
              ],
              [
                77.300206,
                19.169665
              ],
              [
                77.299841,
                19.169594
              ],
              [
                77.299695,
                19.169565
              ],
              [
                77.299598,
                19.169169
              ],
              [
                77.299286,
                19.167969
              ],
              [
                77.299249,
                19.167862
              ],
              [
                77.299229,
                19.167831
              ],
              [
                77.298789,
                19.167801
              ],
              [
                77.296971,
                19.169837
              ],
              [
                77.295995,
                19.171081
              ],
              [
                77.295269,
                19.172108
              ],
              [
                77.294975,
                19.172501
              ],
              [
                77.294481,
                19.173173
              ],
              [
                77.291516,
                19.177094
              ],
              [
                77.291253,
                19.175833
              ],
              [
                77.291417,
                19.175024
              ],
              [
                77.29124,
                19.174909
              ],
              [
                77.291407,
                19.174221
              ],
              [
                77.291757,
                19.173165
              ],
              [
                77.291518,
                19.173219
              ],
              [
                77.291322,
                19.173264
              ],
              [
                77.291182,
                19.173294
              ],
              [
                77.291018,
                19.173328
              ],
              [
                77.290853,
                19.173358
              ],
              [
                77.290403,
                19.173443
              ],
              [
                77.290239,
                19.173471
              ],
              [
                77.289935,
                19.17353
              ],
              [
                77.289288,
                19.173645
              ],
              [
                77.289161,
                19.174013
              ],
              [
                77.289019,
                19.174638
              ],
              [
                77.288978,
                19.17542
              ],
              [
                77.289071,
                19.176064
              ],
              [
                77.289131,
                19.176383
              ],
              [
                77.289255,
                19.177183
              ],
              [
                77.28936,
                19.177803
              ],
              [
                77.289408,
                19.178289
              ],
              [
                77.289485,
                19.179372
              ],
              [
                77.289496,
                19.179495
              ],
              [
                77.28948,
                19.180432
              ],
              [
                77.289435,
                19.18103
              ],
              [
                77.289398,
                19.181604
              ],
              [
                77.289365,
                19.181991
              ],
              [
                77.289321,
                19.182723
              ],
              [
                77.289298,
                19.183123
              ],
              [
                77.289349,
                19.183964
              ],
              [
                77.292791,
                19.184283
              ],
              [
                77.293085,
                19.184316
              ],
              [
                77.29303,
                19.186586
              ],
              [
                77.297171,
                19.185702
              ],
              [
                77.299262,
                19.184816
              ],
              [
                77.300321,
                19.184371
              ]
            ]
          ],
          [
            [
              [
                77.304796,
                19.18393
              ],
              [
                77.306432,
                19.184102
              ],
              [
                77.307603,
                19.184213
              ],
              [
                77.309548,
                19.18439
              ],
              [
                77.309929,
                19.184422
              ],
              [
                77.310282,
                19.184457
              ],
              [
                77.310384,
                19.183969
              ],
              [
                77.31059,
                19.183083
              ],
              [
                77.310788,
                19.182501
              ],
              [
                77.310905,
                19.181896
              ],
              [
                77.31099,
                19.181649
              ],
              [
                77.311024,
                19.181484
              ],
              [
                77.311122,
                19.180415
              ],
              [
                77.311357,
                19.179587
              ],
              [
                77.31145476169162,
                19.179307033956682
              ],
              [
                77.311359,
                19.179593
              ],
              [
                77.311127,
                19.180412
              ],
              [
                77.311033,
                19.181489
              ],
              [
                77.310995,
                19.181645
              ],
              [
                77.310911,
                19.181898
              ],
              [
                77.310788,
                19.182527
              ],
              [
                77.310798,
                19.182503
              ],
              [
                77.327748,
                19.180223
              ],
              [
                77.326817,
                19.178857
              ],
              [
                77.32605,
                19.178126
              ],
              [
                77.32338,
                19.173737
              ],
              [
                77.32076,
                19.169539
              ],
              [
                77.31714315955165,
                19.171943964038388
              ],
              [
                77.320744,
                19.169528
              ],
              [
                77.319202,
                19.167001
              ],
              [
                77.31903,
                19.166724
              ],
              [
                77.318695,
                19.166192
              ],
              [
                77.318474,
                19.165836
              ],
              [
                77.318247,
                19.165477
              ],
              [
                77.317925,
                19.164971
              ],
              [
                77.317582,
                19.164433
              ],
              [
                77.316995,
                19.163327
              ],
              [
                77.316673,
                19.162706
              ],
              [
                77.315821,
                19.161545
              ],
              [
                77.315671,
                19.161194
              ],
              [
                77.315579,
                19.160977
              ],
              [
                77.315562,
                19.160855
              ],
              [
                77.31501,
                19.160887
              ],
              [
                77.314231,
                19.160911
              ],
              [
                77.313967,
                19.160931
              ],
              [
                77.313568,
                19.160914
              ],
              [
                77.312677,
                19.160887
              ],
              [
                77.312655,
                19.160985
              ],
              [
                77.312607,
                19.161337
              ],
              [
                77.312575,
                19.161581
              ],
              [
                77.312532,
                19.161832
              ],
              [
                77.312501,
                19.161898
              ],
              [
                77.312454,
                19.162001
              ],
              [
                77.31238,
                19.162166
              ],
              [
                77.312307,
                19.162331
              ],
              [
                77.312268,
                19.162416
              ],
              [
                77.312285,
                19.162439
              ],
              [
                77.311686,
                19.164284
              ],
              [
                77.311652,
                19.164629
              ],
              [
                77.311588,
                19.165032
              ],
              [
                77.311531,
                19.165354
              ],
              [
                77.311487,
                19.165609
              ],
              [
                77.311373,
                19.166248
              ],
              [
                77.311356,
                19.166311
              ],
              [
                77.31128,
                19.166489
              ],
              [
                77.311055,
                19.166989
              ],
              [
                77.310856,
                19.16746
              ],
              [
                77.310483,
                19.167667
              ],
              [
                77.310225,
                19.167814
              ],
              [
                77.310063,
                19.167905
              ],
              [
                77.309927,
                19.167984
              ],
              [
                77.309822,
                19.168042
              ],
              [
                77.309565,
                19.170148
              ],
              [
                77.309477,
                19.170836
              ],
              [
                77.309416,
                19.171182
              ],
              [
                77.309359,
                19.171544
              ],
              [
                77.309289,
                19.172023
              ],
              [
                77.309407,
                19.172045
              ],
              [
                77.310158,
                19.172189
              ],
              [
                77.3104,
                19.172239
              ],
              [
                77.310746,
                19.17231
              ],
              [
                77.310795,
                19.172319
              ],
              [
                77.311049,
                19.172368
              ],
              [
                77.311175,
                19.172396
              ],
              [
                77.311298,
                19.172421
              ],
              [
                77.311452,
                19.172453
              ],
              [
                77.311569,
                19.172478
              ],
              [
                77.311796,
                19.172525
              ],
              [
                77.311979,
                19.172562
              ],
              [
                77.312262,
                19.172622
              ],
              [
                77.312476,
                19.172667
              ],
              [
                77.312746,
                19.172723
              ],
              [
                77.31293968907563,
                19.17276331092437
              ],
              [
                77.312938,
                19.172765
              ],
              [
                77.312256,
                19.172624
              ],
              [
                77.31188,
                19.172547
              ],
              [
                77.3115,
                19.172466
              ],
              [
                77.310938,
                19.172351
              ],
              [
                77.310383,
                19.172239
              ],
              [
                77.309723,
                19.17211
              ],
              [
                77.309286,
                19.17203
              ],
              [
                77.309259,
                19.1721
              ],
              [
                77.308916,
                19.17207
              ],
              [
                77.308458,
                19.172027
              ],
              [
                77.308185,
                19.172004
              ],
              [
                77.307853,
                19.171979
              ],
              [
                77.307585,
                19.171956
              ],
              [
                77.307331,
                19.171932
              ],
              [
                77.307075,
                19.171911
              ],
              [
                77.306665,
                19.171876
              ],
              [
                77.306372,
                19.171883
              ],
              [
                77.306088,
                19.17189
              ],
              [
                77.305694,
                19.171896
              ],
              [
                77.305428,
                19.171904
              ],
              [
                77.305023,
                19.171917
              ],
              [
                77.304838,
                19.171924
              ],
              [
                77.304449,
                19.171943
              ],
              [
                77.30459,
                19.174656
              ],
              [
                77.304461,
                19.17714
              ],
              [
                77.3043,
                19.179696
              ],
              [
                77.30437,
                19.180455
              ],
              [
                77.304442,
                19.181886
              ],
              [
                77.304494,
                19.182685
              ],
              [
                77.304571,
                19.183892
              ],
              [
                77.304796,
                19.18393
              ]
            ],
            [
              [
                77.31236,
                19.178512
              ],
              [
                77.312744,
                19.178511
              ],
              [
                77.313242,
                19.178511
              ],
              [
                77.313433,
                19.178514
              ],
              [
                77.313583,
                19.178508
              ],
              [
                77.313595,
                19.178081
              ],
              [
                77.313618,
                19.177644
              ],
              [
                77.313648,
                19.176931
              ],
              [
                77.313714,
                19.176539
              ],
              [
                77.313786,
                19.176107
              ],
              [
                77.313836,
                19.175764
              ],
              [
                77.313859,
                19.175509
              ],
              [
                77.313869,
                19.175306
              ],
              [
                77.313852,
                19.174825
              ],
              [
                77.313815,
                19.17418
              ],
              [
                77.313364,
                19.174493
              ],
              [
                77.313234,
                19.174579
              ],
              [
                77.312872,
                19.17483
              ],
              [
                77.312647,
                19.174988
              ],
              [
                77.312444,
                19.17513
              ],
              [
                77.31231,
                19.175225
              ],
              [
                77.312337,
                19.174954
              ],
              [
                77.31235,
                19.174801
              ],
              [
                77.312369,
                19.174653
              ],
              [
                77.312376,
                19.174565
              ],
              [
                77.312373,
                19.174555
              ],
              [
                77.312401,
                19.174454
              ],
              [
                77.312457,
                19.174248
              ],
              [
                77.312502,
                19.174085
              ],
              [
                77.31256,
                19.173886
              ],
              [
                77.312586,
                19.173811
              ],
              [
                77.312648,
                19.173635
              ],
              [
                77.312725,
                19.173409
              ],
              [
                77.312827,
                19.173109
              ],
              [
                77.312914,
                19.172842
              ],
              [
                77.31294050056323,
                19.17276347981265
              ],
              [
                77.312943,
                19.172764
              ],
              [
                77.312886,
                19.172934
              ],
              [
                77.312833,
                19.173102
              ],
              [
                77.312786,
                19.173235
              ],
              [
                77.312674,
                19.17357
              ],
              [
                77.31255,
                19.173932
              ],
              [
                77.312377,
                19.17455
              ],
              [
                77.312376,
                19.174605
              ],
              [
                77.312354,
                19.174792
              ],
              [
                77.312337,
                19.174991
              ],
              [
                77.312318,
                19.175197
              ],
              [
                77.313809,
                19.174181
              ],
              [
                77.31383070260566,
                19.174166438756444
              ],
              [
                77.313851,
                19.174728
              ],
              [
                77.313867,
                19.1749
              ],
              [
                77.313879,
                19.175308
              ],
              [
                77.313843,
                19.175769
              ],
              [
                77.313661,
                19.176925
              ],
              [
                77.313638,
                19.177509
              ],
              [
                77.313589,
                19.178522
              ],
              [
                77.312767,
                19.178526
              ],
              [
                77.31190641176487,
                19.178512
              ],
              [
                77.31236,
                19.178512
              ]
            ]
          ],
          [
            [
              [
                77.29346,
                19.206597
              ],
              [
                77.295373,
                19.206104
              ],
              [
                77.29672,
                19.205979
              ],
              [
                77.297221,
                19.205932
              ],
              [
                77.29865,
                19.205651
              ],
              [
                77.299134,
                19.205548
              ],
              [
                77.300889,
                19.204932
              ],
              [
                77.301633,
                19.204829
              ],
              [
                77.303947,
                19.204135
              ],
              [
                77.303648,
                19.202763
              ],
              [
                77.303526,
                19.202053
              ],
              [
                77.303302,
                19.200758
              ],
              [
                77.303069,
                19.199486
              ],
              [
                77.302782,
                19.197493
              ],
              [
                77.302638,
                19.196134
              ],
              [
                77.302523,
                19.195336
              ],
              [
                77.302437,
                19.194298
              ],
              [
                77.30238,
                19.19376
              ],
              [
                77.302337,
                19.192511
              ],
              [
                77.302318,
                19.190553
              ],
              [
                77.302413,
                19.188004
              ],
              [
                77.30244,
                19.186088
              ],
              [
                77.302452,
                19.185341
              ],
              [
                77.302371,
                19.184082
              ],
              [
                77.302046,
                19.184113
              ],
              [
                77.301026,
                19.184254
              ],
              [
                77.300328,
                19.184386
              ],
              [
                77.298547,
                19.185136
              ],
              [
                77.297177,
                19.185719
              ],
              [
                77.294601,
                19.186294
              ],
              [
                77.293015,
                19.186623
              ],
              [
                77.293012,
                19.187065
              ],
              [
                77.292996,
                19.187609
              ],
              [
                77.292986,
                19.188184
              ],
              [
                77.292957,
                19.188746
              ],
              [
                77.292446,
                19.189716
              ],
              [
                77.292044,
                19.19015
              ],
              [
                77.291737,
                19.190548
              ],
              [
                77.291058,
                19.191189
              ],
              [
                77.29031,
                19.191906
              ],
              [
                77.28944,
                19.192722
              ],
              [
                77.2892,
                19.193014
              ],
              [
                77.288659,
                19.193665
              ],
              [
                77.288415,
                19.193903
              ],
              [
                77.287944,
                19.194229
              ],
              [
                77.286845,
                19.194717
              ],
              [
                77.286891,
                19.195224
              ],
              [
                77.287305,
                19.198237
              ],
              [
                77.287434,
                19.199143
              ],
              [
                77.287577,
                19.20018
              ],
              [
                77.287627,
                19.201688
              ],
              [
                77.287665,
                19.202078
              ],
              [
                77.28775,
                19.204314
              ],
              [
                77.287803,
                19.205982
              ],
              [
                77.287828,
                19.20693
              ],
              [
                77.287812,
                19.208187
              ],
              [
                77.287705,
                19.209516
              ],
              [
                77.287498,
                19.211076
              ],
              [
                77.290949,
                19.210857
              ],
              [
                77.293922,
                19.21024
              ],
              [
                77.293767,
                19.208961
              ],
              [
                77.293651,
                19.208053
              ],
              [
                77.293632,
                19.207927
              ],
              [
                77.29346,
                19.206597
              ]
            ]
          ],
          [
            [
              [
                77.30244,
                19.187208
              ],
              [
                77.302427,
                19.188053
              ],
              [
                77.302398,
                19.188786
              ],
              [
                77.302366,
                19.189719
              ],
              [
                77.302333,
                19.190467
              ],
              [
                77.302341,
                19.191533
              ],
              [
                77.302348,
                19.192488
              ],
              [
                77.302392,
                19.193744
              ],
              [
                77.302453,
                19.194294
              ],
              [
                77.302496,
                19.194843
              ],
              [
                77.302539,
                19.19533
              ],
              [
                77.302655,
                19.196128
              ],
              [
                77.302797,
                19.197501
              ],
              [
                77.30293,
                19.198399
              ],
              [
                77.303078,
                19.199448
              ],
              [
                77.30326,
                19.200441
              ],
              [
                77.303486,
                19.201746
              ],
              [
                77.303548,
                19.202105
              ],
              [
                77.303661,
                19.202752
              ],
              [
                77.303969,
                19.204151
              ],
              [
                77.302923,
                19.204467
              ],
              [
                77.301641,
                19.204843
              ],
              [
                77.3009,
                19.204949
              ],
              [
                77.299134,
                19.205561
              ],
              [
                77.297217,
                19.205946
              ],
              [
                77.295376,
                19.206117
              ],
              [
                77.293473,
                19.206605
              ],
              [
                77.293667,
                19.208117
              ],
              [
                77.293938,
                19.210243
              ],
              [
                77.295288,
                19.210073
              ],
              [
                77.296228,
                19.209947
              ],
              [
                77.297781,
                19.209756
              ],
              [
                77.299145,
                19.209552
              ],
              [
                77.300043,
                19.209447
              ],
              [
                77.30064,
                19.209372
              ],
              [
                77.301549,
                19.20925
              ],
              [
                77.303287,
                19.209008
              ],
              [
                77.304901,
                19.208797
              ],
              [
                77.305536,
                19.209983
              ],
              [
                77.307933,
                19.213823
              ],
              [
                77.308929,
                19.213297
              ],
              [
                77.311028,
                19.213035
              ],
              [
                77.315584,
                19.212395
              ],
              [
                77.315645,
                19.211967
              ],
              [
                77.315698,
                19.211183
              ],
              [
                77.316567,
                19.21108
              ],
              [
                77.316616,
                19.211449
              ],
              [
                77.317504,
                19.211434
              ],
              [
                77.317987,
                19.21131
              ],
              [
                77.318595,
                19.210938
              ],
              [
                77.318933,
                19.210484
              ],
              [
                77.319217,
                19.21024
              ],
              [
                77.320408,
                19.209928
              ],
              [
                77.320708,
                19.209448
              ],
              [
                77.320869,
                19.20796
              ],
              [
                77.319883,
                19.205293
              ],
              [
                77.318995,
                19.202822
              ],
              [
                77.319366,
                19.202647
              ],
              [
                77.319568,
                19.202534
              ],
              [
                77.319748,
                19.202458
              ],
              [
                77.320437,
                19.202147
              ],
              [
                77.320506,
                19.202066
              ],
              [
                77.32067,
                19.201991
              ],
              [
                77.321005,
                19.201839
              ],
              [
                77.321358,
                19.201659
              ],
              [
                77.321117,
                19.200754
              ],
              [
                77.321727,
                19.200479
              ],
              [
                77.321914,
                19.200427
              ],
              [
                77.322538,
                19.200182
              ],
              [
                77.322751,
                19.200158
              ],
              [
                77.32307,
                19.200126
              ],
              [
                77.323561,
                19.200571
              ],
              [
                77.324329,
                19.201269
              ],
              [
                77.324196,
                19.201016
              ],
              [
                77.323545,
                19.19999
              ],
              [
                77.322525,
                19.198336
              ],
              [
                77.320467,
                19.195058
              ],
              [
                77.321018,
                19.194806
              ],
              [
                77.319533,
                19.189882
              ],
              [
                77.31859,
                19.189949
              ],
              [
                77.318113,
                19.187905
              ],
              [
                77.31703,
                19.188011
              ],
              [
                77.31671,
                19.18581
              ],
              [
                77.316519,
                19.185776
              ],
              [
                77.316298,
                19.184144
              ],
              [
                77.315688,
                19.184133
              ],
              [
                77.314588,
                19.184357
              ],
              [
                77.313308,
                19.184601
              ],
              [
                77.312149,
                19.184619
              ],
              [
                77.310302,
                19.184479
              ],
              [
                77.307899,
                19.184258
              ],
              [
                77.306259,
                19.184101
              ],
              [
                77.304412,
                19.183907
              ],
              [
                77.302394,
                19.184082
              ],
              [
                77.302423,
                19.184688
              ],
              [
                77.302467,
                19.185345
              ],
              [
                77.302449,
                19.186387
              ],
              [
                77.30244,
                19.187208
              ]
            ]
          ],
          [
            [
              [
                77.328426,
                19.142229
              ],
              [
                77.328293,
                19.141874
              ],
              [
                77.328062,
                19.141518
              ],
              [
                77.328022,
                19.141314
              ],
              [
                77.327912,
                19.140869
              ],
              [
                77.327931,
                19.140636
              ],
              [
                77.327906,
                19.14022
              ],
              [
                77.327488,
                19.140286
              ],
              [
                77.327287,
                19.13899
              ],
              [
                77.322512,
                19.141388
              ],
              [
                77.32278,
                19.142507
              ],
              [
                77.322856,
                19.142833
              ],
              [
                77.3229,
                19.143001
              ],
              [
                77.322949,
                19.143217
              ],
              [
                77.323008,
                19.14332
              ],
              [
                77.323148,
                19.143574
              ],
              [
                77.323269,
                19.1438
              ],
              [
                77.323168,
                19.143909
              ],
              [
                77.323103,
                19.144008
              ],
              [
                77.323018,
                19.144137
              ],
              [
                77.322757,
                19.144456
              ],
              [
                77.32279,
                19.144516
              ],
              [
                77.322859,
                19.14489
              ],
              [
                77.322844,
                19.14506
              ],
              [
                77.32285,
                19.14532
              ],
              [
                77.322957,
                19.145627
              ],
              [
                77.323059,
                19.145723
              ],
              [
                77.323157,
                19.145864
              ],
              [
                77.32323,
                19.146068
              ],
              [
                77.323288,
                19.146241
              ],
              [
                77.323318,
                19.146341
              ],
              [
                77.323651,
                19.146943
              ],
              [
                77.323414,
                19.14703
              ],
              [
                77.323591,
                19.147763
              ],
              [
                77.323626,
                19.148879
              ],
              [
                77.323636,
                19.149286
              ],
              [
                77.324213,
                19.149327
              ],
              [
                77.324298,
                19.149077
              ],
              [
                77.324308,
                19.148753
              ],
              [
                77.324529,
                19.148739
              ],
              [
                77.324721,
                19.148711
              ],
              [
                77.324729,
                19.148594
              ],
              [
                77.324828,
                19.14859
              ],
              [
                77.324879,
                19.14851
              ],
              [
                77.325129,
                19.148529
              ],
              [
                77.325161,
                19.148245
              ],
              [
                77.325423,
                19.148248
              ],
              [
                77.325523,
                19.148252
              ],
              [
                77.325833,
                19.148142
              ],
              [
                77.326107,
                19.148048
              ],
              [
                77.326332,
                19.148026
              ],
              [
                77.326705,
                19.148016
              ],
              [
                77.327076,
                19.148024
              ],
              [
                77.327353,
                19.147798
              ],
              [
                77.327507,
                19.147715
              ],
              [
                77.327903,
                19.147647
              ],
              [
                77.328132,
                19.147608
              ],
              [
                77.328592,
                19.147562
              ],
              [
                77.329368,
                19.147495
              ],
              [
                77.329123,
                19.14734
              ],
              [
                77.328702,
                19.146988
              ],
              [
                77.32841447085215,
                19.146868922272102
              ],
              [
                77.328701,
                19.146981
              ],
              [
                77.329119,
                19.147333
              ],
              [
                77.329369,
                19.147492
              ],
              [
                77.329379,
                19.147497
              ],
              [
                77.329522,
                19.147467
              ],
              [
                77.329791,
                19.14741
              ],
              [
                77.329946,
                19.147376
              ],
              [
                77.330188,
                19.147323
              ],
              [
                77.330341,
                19.147267
              ],
              [
                77.330738,
                19.147368
              ],
              [
                77.330917,
                19.147409
              ],
              [
                77.331119,
                19.147454
              ],
              [
                77.331356,
                19.147507
              ],
              [
                77.331698,
                19.147583
              ],
              [
                77.331821,
                19.14761
              ],
              [
                77.332121,
                19.14767
              ],
              [
                77.33243,
                19.147721
              ],
              [
                77.33247,
                19.147727
              ],
              [
                77.332577,
                19.147348
              ],
              [
                77.332382,
                19.147301
              ],
              [
                77.332398,
                19.147244
              ],
              [
                77.332445,
                19.147045
              ],
              [
                77.332509,
                19.146795
              ],
              [
                77.332367,
                19.146747
              ],
              [
                77.332376,
                19.146564
              ],
              [
                77.332491,
                19.146606
              ],
              [
                77.332786,
                19.146709
              ],
              [
                77.333476,
                19.146932
              ],
              [
                77.333777,
                19.147035
              ],
              [
                77.334156,
                19.147248
              ],
              [
                77.334514,
                19.147494
              ],
              [
                77.334671,
                19.147811
              ],
              [
                77.334756,
                19.148062
              ],
              [
                77.334845,
                19.148335
              ],
              [
                77.334918,
                19.148569
              ],
              [
                77.335068,
                19.14902
              ],
              [
                77.335409,
                19.15006
              ],
              [
                77.335751,
                19.149898
              ],
              [
                77.335903,
                19.149831
              ],
              [
                77.336057,
                19.149755
              ],
              [
                77.336268,
                19.149658
              ],
              [
                77.336495,
                19.149547
              ],
              [
                77.336869,
                19.149254
              ],
              [
                77.33711,
                19.149063
              ],
              [
                77.337379,
                19.148852
              ],
              [
                77.33766,
                19.148631
              ],
              [
                77.337851,
                19.148479
              ],
              [
                77.338056,
                19.148301
              ],
              [
                77.338356,
                19.148028
              ],
              [
                77.338811,
                19.147627
              ],
              [
                77.339032,
                19.147415
              ],
              [
                77.338928,
                19.14719
              ],
              [
                77.338796,
                19.146878
              ],
              [
                77.338576,
                19.14649
              ],
              [
                77.338335,
                19.146182
              ],
              [
                77.338043,
                19.145812
              ],
              [
                77.337651,
                19.145312
              ],
              [
                77.3374,
                19.14503
              ],
              [
                77.337277,
                19.144882
              ],
              [
                77.337129,
                19.144712
              ],
              [
                77.336983,
                19.144551
              ],
              [
                77.336837,
                19.144386
              ],
              [
                77.336508,
                19.144075
              ],
              [
                77.336259,
                19.143854
              ],
              [
                77.335911,
                19.143638
              ],
              [
                77.334271,
                19.142572
              ],
              [
                77.333744,
                19.142251
              ],
              [
                77.333454,
                19.142077
              ],
              [
                77.332499,
                19.141517
              ],
              [
                77.331902,
                19.141253
              ],
              [
                77.331402,
                19.140981
              ],
              [
                77.330817,
                19.140769
              ],
              [
                77.330326,
                19.140542
              ],
              [
                77.329696,
                19.140394
              ],
              [
                77.328924,
                19.140323
              ],
              [
                77.327924,
                19.14022
              ],
              [
                77.327956,
                19.140615
              ],
              [
                77.327933,
                19.140859
              ],
              [
                77.328067,
                19.141499
              ],
              [
                77.3283,
                19.141866
              ],
              [
                77.328433,
                19.142224
              ],
              [
                77.328494,
                19.142456
              ],
              [
                77.328586,
                19.142773
              ],
              [
                77.328715,
                19.143151
              ],
              [
                77.328798,
                19.143518
              ],
              [
                77.32883121492029,
                19.1436618010666
              ],
              [
                77.328778,
                19.143438
              ],
              [
                77.328705,
                19.143149
              ],
              [
                77.328572,
                19.14276
              ],
              [
                77.328426,
                19.142229
              ]
            ],
            [
              [
                77.32897408101245,
                19.144271703112224
              ],
              [
                77.32897,
                19.144265
              ],
              [
                77.32889702620085,
                19.143941339737893
              ],
              [
                77.328938,
                19.144103
              ],
              [
                77.32897408101245,
                19.144271703112224
              ]
            ],
            [
              [
                77.328806,
                19.146325
              ],
              [
                77.328922,
                19.146177
              ],
              [
                77.32905,
                19.146013
              ],
              [
                77.329285,
                19.145688
              ],
              [
                77.329341,
                19.145353
              ],
              [
                77.329241,
                19.144898
              ],
              [
                77.329177,
                19.144605
              ],
              [
                77.32902947843849,
                19.144362694053555
              ],
              [
                77.329183,
                19.144607
              ],
              [
                77.329348,
                19.14535
              ],
              [
                77.329292,
                19.145692
              ],
              [
                77.328985,
                19.14612
              ],
              [
                77.328804,
                19.14633
              ],
              [
                77.328692,
                19.146443
              ],
              [
                77.328501,
                19.146577
              ],
              [
                77.32840704922224,
                19.146865848667794
              ],
              [
                77.328405,
                19.146865
              ],
              [
                77.3285,
                19.146571
              ],
              [
                77.328682,
                19.146443
              ],
              [
                77.328806,
                19.146325
              ]
            ]
          ],
          [
            [
              [
                77.312888,
                19.14584
              ],
              [
                77.309503,
                19.146906
              ],
              [
                77.305386,
                19.147599
              ],
              [
                77.305385,
                19.148684
              ],
              [
                77.305315,
                19.149542
              ],
              [
                77.305054,
                19.149549
              ],
              [
                77.305016,
                19.149894
              ],
              [
                77.305059,
                19.150364
              ],
              [
                77.30511,
                19.150874
              ],
              [
                77.305171,
                19.151184
              ],
              [
                77.305266,
                19.151636
              ],
              [
                77.305302,
                19.151849
              ],
              [
                77.305354,
                19.152098
              ],
              [
                77.305412,
                19.152342
              ],
              [
                77.305446,
                19.1525
              ],
              [
                77.305507,
                19.152768
              ],
              [
                77.305581,
                19.153098
              ],
              [
                77.305633,
                19.153336
              ],
              [
                77.305678,
                19.153543
              ],
              [
                77.30588,
                19.154419
              ],
              [
                77.306237,
                19.154282
              ],
              [
                77.306653,
                19.154118
              ],
              [
                77.307033,
                19.153964
              ],
              [
                77.307603,
                19.153741
              ],
              [
                77.308065,
                19.15356
              ],
              [
                77.309277,
                19.153183
              ],
              [
                77.309314,
                19.15326
              ],
              [
                77.309366,
                19.153609
              ],
              [
                77.309393,
                19.153765
              ],
              [
                77.309694,
                19.154685
              ],
              [
                77.310219,
                19.154229
              ],
              [
                77.31107,
                19.153554
              ],
              [
                77.311922,
                19.152714
              ],
              [
                77.312701,
                19.152036
              ],
              [
                77.313612,
                19.151422
              ],
              [
                77.314198,
                19.151097
              ],
              [
                77.313625,
                19.152133
              ],
              [
                77.313138,
                19.153095
              ],
              [
                77.314134,
                19.152605
              ],
              [
                77.315352,
                19.152123
              ],
              [
                77.315795,
                19.151974
              ],
              [
                77.316225,
                19.151811
              ],
              [
                77.316714,
                19.151643
              ],
              [
                77.31755,
                19.151343
              ],
              [
                77.317924,
                19.151094
              ],
              [
                77.318278,
                19.150872
              ],
              [
                77.3191,
                19.150263
              ],
              [
                77.319545,
                19.150008
              ],
              [
                77.320044,
                19.149846
              ],
              [
                77.32048,
                19.149733
              ],
              [
                77.320926,
                19.149647
              ],
              [
                77.32198,
                19.149431
              ],
              [
                77.322733,
                19.149312
              ],
              [
                77.323626,
                19.149288
              ],
              [
                77.323612,
                19.148872
              ],
              [
                77.323581,
                19.14779
              ],
              [
                77.323398,
                19.147024
              ],
              [
                77.323632,
                19.146935
              ],
              [
                77.323311,
                19.146355
              ],
              [
                77.32315,
                19.14589
              ],
              [
                77.323045,
                19.145744
              ],
              [
                77.322948,
                19.145639
              ],
              [
                77.322837,
                19.145333
              ],
              [
                77.322832,
                19.14506
              ],
              [
                77.322843,
                19.144897
              ],
              [
                77.322775,
                19.144516
              ],
              [
                77.322737,
                19.144455
              ],
              [
                77.322922,
                19.14424
              ],
              [
                77.323006,
                19.14413
              ],
              [
                77.323167,
                19.143899
              ],
              [
                77.323256,
                19.143796
              ],
              [
                77.323066,
                19.143445
              ],
              [
                77.322943,
                19.14323
              ],
              [
                77.32288,
                19.142976
              ],
              [
                77.322503,
                19.1414
              ],
              [
                77.319981,
                19.142712
              ],
              [
                77.317725,
                19.143777
              ],
              [
                77.315374,
                19.144753
              ],
              [
                77.312888,
                19.14584
              ]
            ]
          ],
          [
            [
              [
                77.335398,
                19.150065
              ],
              [
                77.335231,
                19.149534
              ],
              [
                77.335156,
                19.149298
              ],
              [
                77.335042,
                19.148958
              ],
              [
                77.33489,
                19.148501
              ],
              [
                77.334677,
                19.147833
              ],
              [
                77.334657,
                19.147798
              ],
              [
                77.334504,
                19.147498
              ],
              [
                77.33425,
                19.147328
              ],
              [
                77.334154,
                19.147269
              ],
              [
                77.333771,
                19.147047
              ],
              [
                77.333476,
                19.146938
              ],
              [
                77.333045,
                19.146798
              ],
              [
                77.332785,
                19.146713
              ],
              [
                77.332494,
                19.146614
              ],
              [
                77.33238,
                19.146571
              ],
              [
                77.332373,
                19.146745
              ],
              [
                77.332513,
                19.146792
              ],
              [
                77.332386,
                19.1473
              ],
              [
                77.33258,
                19.147346
              ],
              [
                77.332547,
                19.147461
              ],
              [
                77.332473,
                19.147734
              ],
              [
                77.332095,
                19.147672
              ],
              [
                77.331689,
                19.147587
              ],
              [
                77.33077,
                19.14738
              ],
              [
                77.330341,
                19.147271
              ],
              [
                77.330189,
                19.147328
              ],
              [
                77.329386,
                19.147501
              ],
              [
                77.328133,
                19.147622
              ],
              [
                77.327523,
                19.147724
              ],
              [
                77.327375,
                19.147798
              ],
              [
                77.327085,
                19.148034
              ],
              [
                77.326881,
                19.148028
              ],
              [
                77.326522,
                19.148029
              ],
              [
                77.326113,
                19.14805
              ],
              [
                77.325525,
                19.148261
              ],
              [
                77.32517,
                19.148253
              ],
              [
                77.325137,
                19.148536
              ],
              [
                77.324881,
                19.148517
              ],
              [
                77.324828,
                19.148598
              ],
              [
                77.324738,
                19.148604
              ],
              [
                77.324734,
                19.148718
              ],
              [
                77.324332,
                19.148761
              ],
              [
                77.32431,
                19.149097
              ],
              [
                77.324216,
                19.14933
              ],
              [
                77.324093,
                19.150191
              ],
              [
                77.324054,
                19.150479
              ],
              [
                77.324072,
                19.150851
              ],
              [
                77.32418,
                19.151681
              ],
              [
                77.324275,
                19.152944
              ],
              [
                77.324287,
                19.153223
              ],
              [
                77.324295,
                19.155246
              ],
              [
                77.324315,
                19.155907
              ],
              [
                77.32434,
                19.156733
              ],
              [
                77.325354,
                19.156026
              ],
              [
                77.326533,
                19.155221
              ],
              [
                77.32791,
                19.154315
              ],
              [
                77.33159,
                19.151793
              ],
              [
                77.332743,
                19.151301
              ],
              [
                77.33374,
                19.150837
              ],
              [
                77.334344,
                19.150556
              ],
              [
                77.334496,
                19.150486
              ],
              [
                77.335398,
                19.150065
              ]
            ]
          ],
          [
            [
              [
                77.332107,
                19.15288
              ],
              [
                77.332389,
                19.153539
              ],
              [
                77.332708,
                19.154282
              ],
              [
                77.33388,
                19.15409
              ],
              [
                77.334556,
                19.15399
              ],
              [
                77.334914,
                19.153919
              ],
              [
                77.335334,
                19.153812
              ],
              [
                77.335726,
                19.153686
              ],
              [
                77.336237,
                19.153538
              ],
              [
                77.336319,
                19.153794
              ],
              [
                77.336442,
                19.1541
              ],
              [
                77.336684,
                19.154775
              ],
              [
                77.336805,
                19.155097
              ],
              [
                77.337047,
                19.156018
              ],
              [
                77.337073,
                19.156112
              ],
              [
                77.337166,
                19.156475
              ],
              [
                77.337329,
                19.157097
              ],
              [
                77.337444,
                19.157527
              ],
              [
                77.339371,
                19.157104
              ],
              [
                77.341692,
                19.159202
              ],
              [
                77.345542,
                19.162674
              ],
              [
                77.347435,
                19.164114
              ],
              [
                77.349591,
                19.165371
              ],
              [
                77.349833,
                19.163824
              ],
              [
                77.350418,
                19.161419
              ],
              [
                77.350737,
                19.160738
              ],
              [
                77.35099,
                19.160397
              ],
              [
                77.351359,
                19.16068
              ],
              [
                77.351953,
                19.159031
              ],
              [
                77.352076,
                19.158396
              ],
              [
                77.352543,
                19.15744
              ],
              [
                77.353327,
                19.156091
              ],
              [
                77.353949,
                19.1552
              ],
              [
                77.354495,
                19.154591
              ],
              [
                77.353943,
                19.153601
              ],
              [
                77.353449,
                19.15286
              ],
              [
                77.352275,
                19.151929
              ],
              [
                77.351425,
                19.151469
              ],
              [
                77.350267,
                19.150939
              ],
              [
                77.348721,
                19.15027
              ],
              [
                77.348393,
                19.150143
              ],
              [
                77.346498,
                19.14964
              ],
              [
                77.345029,
                19.149261
              ],
              [
                77.343666,
                19.148914
              ],
              [
                77.342334,
                19.148508
              ],
              [
                77.340922,
                19.14824
              ],
              [
                77.339727,
                19.147882
              ],
              [
                77.339034,
                19.147452
              ],
              [
                77.337919,
                19.148441
              ],
              [
                77.336501,
                19.149556
              ],
              [
                77.332755,
                19.151305
              ],
              [
                77.332308,
                19.151498
              ],
              [
                77.331663,
                19.151768
              ],
              [
                77.331839,
                19.152276
              ],
              [
                77.332107,
                19.15288
              ]
            ]
          ],
          [
            [
              [
                77.32579,
                19.16367
              ],
              [
                77.32656,
                19.164011
              ],
              [
                77.327542,
                19.164447
              ],
              [
                77.329851,
                19.165582
              ],
              [
                77.335746,
                19.168436
              ],
              [
                77.347212,
                19.174009
              ],
              [
                77.350834,
                19.175683
              ],
              [
                77.350781,
                19.175391
              ],
              [
                77.350049,
                19.172771
              ],
              [
                77.349616,
                19.170975
              ],
              [
                77.349453,
                19.170321
              ],
              [
                77.349094,
                19.168947
              ],
              [
                77.349033,
                19.168507
              ],
              [
                77.349075,
                19.168123
              ],
              [
                77.34958,
                19.165404
              ],
              [
                77.347439,
                19.164138
              ],
              [
                77.346664,
                19.163548
              ],
              [
                77.345535,
                19.16269
              ],
              [
                77.341759,
                19.159286
              ],
              [
                77.339369,
                19.157129
              ],
              [
                77.337433,
                19.15754
              ],
              [
                77.337001,
                19.155869
              ],
              [
                77.336787,
                19.155065
              ],
              [
                77.336731,
                19.154923
              ],
              [
                77.336607,
                19.154592
              ],
              [
                77.336519,
                19.154323
              ],
              [
                77.336463,
                19.154174
              ],
              [
                77.336308,
                19.153795
              ],
              [
                77.336232,
                19.153549
              ],
              [
                77.33559,
                19.153743
              ],
              [
                77.335359,
                19.153825
              ],
              [
                77.33492,
                19.153943
              ],
              [
                77.334554,
                19.154006
              ],
              [
                77.334508,
                19.154017
              ],
              [
                77.333886,
                19.154101
              ],
              [
                77.333121,
                19.154221
              ],
              [
                77.332706,
                19.154292
              ],
              [
                77.332446,
                19.153675
              ],
              [
                77.332384,
                19.153551
              ],
              [
                77.332113,
                19.15294
              ],
              [
                77.331865,
                19.152364
              ],
              [
                77.331762,
                19.152112
              ],
              [
                77.331641,
                19.151782
              ],
              [
                77.32796,
                19.154347
              ],
              [
                77.322554,
                19.15795
              ],
              [
                77.322752,
                19.160058
              ],
              [
                77.32294,
                19.161375
              ],
              [
                77.322933,
                19.162245
              ],
              [
                77.324029,
                19.162781
              ],
              [
                77.324698,
                19.163122
              ],
              [
                77.32579,
                19.16367
              ]
            ]
          ],
          [
            [
              [
                77.318975,
                19.161009
              ],
              [
                77.318412,
                19.160977
              ],
              [
                77.31595,
                19.160833
              ],
              [
                77.315603,
                19.160832
              ],
              [
                77.31562,
                19.160962
              ],
              [
                77.315692,
                19.161148
              ],
              [
                77.315838,
                19.16149
              ],
              [
                77.31617,
                19.161937
              ],
              [
                77.316431,
                19.162337
              ],
              [
                77.316677,
                19.162702
              ],
              [
                77.317578,
                19.164408
              ],
              [
                77.318509,
                19.165876
              ],
              [
                77.320763,
                19.169518
              ],
              [
                77.323387,
                19.173727
              ],
              [
                77.323767,
                19.173672
              ],
              [
                77.326895,
                19.173548
              ],
              [
                77.326936,
                19.173643
              ],
              [
                77.327538,
                19.173603
              ],
              [
                77.328521,
                19.173543
              ],
              [
                77.329395,
                19.173486
              ],
              [
                77.329973,
                19.173452
              ],
              [
                77.329954,
                19.172314
              ],
              [
                77.32994,
                19.171563
              ],
              [
                77.329917,
                19.170485
              ],
              [
                77.3299,
                19.169382
              ],
              [
                77.329886,
                19.168313
              ],
              [
                77.329872,
                19.167631
              ],
              [
                77.329854,
                19.166505
              ],
              [
                77.329838,
                19.165597
              ],
              [
                77.327878,
                19.164642
              ],
              [
                77.325765,
                19.163678
              ],
              [
                77.323038,
                19.162308
              ],
              [
                77.322888,
                19.162247
              ],
              [
                77.321402,
                19.161685
              ],
              [
                77.320731,
                19.161462
              ],
              [
                77.320212,
                19.161303
              ],
              [
                77.319607,
                19.161171
              ],
              [
                77.318975,
                19.161009
              ]
            ]
          ],
          [
            [
              [
                77.31812,
                19.187888
              ],
              [
                77.318599,
                19.189933
              ],
              [
                77.319546,
                19.189865
              ],
              [
                77.320191,
                19.191949
              ],
              [
                77.32059,
                19.19327
              ],
              [
                77.321051,
                19.194817
              ],
              [
                77.320578,
                19.195025
              ],
              [
                77.32051,
                19.195061
              ],
              [
                77.321766,
                19.197076
              ],
              [
                77.322259,
                19.197859
              ],
              [
                77.322947,
                19.198978
              ],
              [
                77.32347,
                19.199811
              ],
              [
                77.324335,
                19.201205
              ],
              [
                77.324613,
                19.201513
              ],
              [
                77.324793,
                19.201705
              ],
              [
                77.325015,
                19.202469
              ],
              [
                77.325359,
                19.203624
              ],
              [
                77.325591,
                19.204353
              ],
              [
                77.325845,
                19.205236
              ],
              [
                77.32597,
                19.205679
              ],
              [
                77.326831,
                19.205573
              ],
              [
                77.327453,
                19.205489
              ],
              [
                77.327298,
                19.204747
              ],
              [
                77.329171,
                19.204513
              ],
              [
                77.330696,
                19.204333
              ],
              [
                77.330475,
                19.202562
              ],
              [
                77.333157,
                19.201849
              ],
              [
                77.336046,
                19.201147
              ],
              [
                77.335906,
                19.199898
              ],
              [
                77.335602,
                19.199465
              ],
              [
                77.335525,
                19.199202
              ],
              [
                77.335082,
                19.197741
              ],
              [
                77.334912,
                19.197039
              ],
              [
                77.334705,
                19.196293
              ],
              [
                77.336107,
                19.196071
              ],
              [
                77.337634,
                19.19563
              ],
              [
                77.339544,
                19.195029
              ],
              [
                77.340358,
                19.194794
              ],
              [
                77.340579,
                19.194743
              ],
              [
                77.34087,
                19.194687
              ],
              [
                77.340997,
                19.194659
              ],
              [
                77.341427,
                19.194526
              ],
              [
                77.341865,
                19.19439
              ],
              [
                77.342208,
                19.194286
              ],
              [
                77.34275,
                19.194176
              ],
              [
                77.343104,
                19.194223
              ],
              [
                77.343447,
                19.194272
              ],
              [
                77.343848,
                19.194327
              ],
              [
                77.344244,
                19.194381
              ],
              [
                77.344478,
                19.194411
              ],
              [
                77.344884,
                19.194376
              ],
              [
                77.345445,
                19.194329
              ],
              [
                77.345475,
                19.193913
              ],
              [
                77.345588,
                19.193721
              ],
              [
                77.345925,
                19.193167
              ],
              [
                77.345918,
                19.192498
              ],
              [
                77.34581,
                19.191413
              ],
              [
                77.346354,
                19.191074
              ],
              [
                77.347167,
                19.190677
              ],
              [
                77.34682,
                19.189484
              ],
              [
                77.346522,
                19.188501
              ],
              [
                77.346463,
                19.188332
              ],
              [
                77.344798,
                19.188596
              ],
              [
                77.344447,
                19.187088
              ],
              [
                77.344197,
                19.186651
              ],
              [
                77.343606,
                19.186665
              ],
              [
                77.343365,
                19.186389
              ],
              [
                77.343083,
                19.185539
              ],
              [
                77.34283,
                19.183669
              ],
              [
                77.342763,
                19.183102
              ],
              [
                77.342658,
                19.18226
              ],
              [
                77.342524,
                19.181398
              ],
              [
                77.343443,
                19.180754
              ],
              [
                77.344312,
                19.180459
              ],
              [
                77.34497,
                19.180245
              ],
              [
                77.347244,
                19.179661
              ],
              [
                77.347339,
                19.179374
              ],
              [
                77.347483,
                19.179302
              ],
              [
                77.349623,
                19.178842
              ],
              [
                77.351054,
                19.178503
              ],
              [
                77.351123,
                19.178252
              ],
              [
                77.351181,
                19.177926
              ],
              [
                77.351194,
                19.177618
              ],
              [
                77.351146,
                19.177094
              ],
              [
                77.350894,
                19.176006
              ],
              [
                77.350841,
                19.175705
              ],
              [
                77.347229,
                19.174057
              ],
              [
                77.339948,
                19.170554
              ],
              [
                77.329848,
                19.165618
              ],
              [
                77.32989,
                19.168234
              ],
              [
                77.329918,
                19.170043
              ],
              [
                77.329953,
                19.171869
              ],
              [
                77.329979,
                19.173459
              ],
              [
                77.326931,
                19.173651
              ],
              [
                77.326891,
                19.173554
              ],
              [
                77.325438,
                19.173613
              ],
              [
                77.323763,
                19.173681
              ],
              [
                77.323392,
                19.173735
              ],
              [
                77.32606,
                19.178117
              ],
              [
                77.326828,
                19.178852
              ],
              [
                77.327788,
                19.180252
              ],
              [
                77.325962,
                19.180498
              ],
              [
                77.311835,
                19.182379
              ],
              [
                77.310796,
                19.182524
              ],
              [
                77.310614,
                19.18308
              ],
              [
                77.310482,
                19.183594
              ],
              [
                77.310302,
                19.184458
              ],
              [
                77.31213,
                19.1846
              ],
              [
                77.313288,
                19.184584
              ],
              [
                77.314612,
                19.184333
              ],
              [
                77.315684,
                19.184121
              ],
              [
                77.316314,
                19.184123
              ],
              [
                77.316527,
                19.18577
              ],
              [
                77.316718,
                19.185804
              ],
              [
                77.317041,
                19.188
              ],
              [
                77.31812,
                19.187888
              ]
            ]
          ]
        ]
      }
    },
    {
      "type": "Feature",
      "properties": {
        "id": "maharashtra-parbhani-parbhani-municipal-corporation",
        "name": "Parbhani Municipal Corporation",
        "state": "Maharashtra",
        "district": "Parbhani",
        "geometry_source": "dissolved_wards",
        "last_updated": "2026-01-18"
      },
      "geometry": {
        "type": "Polygon",
        "coordinates": [
          [
            [
              76.75331336825568,
              19.251848026293978,
              0.0
            ],
            [
              76.7527738,
              19.2524491,
              0.0
            ],
            [
              76.7525426,
              19.253249,
              0.0
            ],
            [
              76.75221,
              19.2534212,
              0.0
            ],
            [
              76.7517808,
              19.2532997,
              0.0
            ],
            [
              76.7509547,
              19.2526919,
              0.0
            ],
            [
              76.7494419,
              19.2526717,
              0.0
            ],
            [
              76.7469958,
              19.2544645,
              0.0
            ],
            [
              76.738402,
              19.2640459,
              0.0
            ],
            [
              76.7349124,
              19.2667704,
              0.0
            ],
            [
              76.7353094,
              19.2685377,
              0.0
            ],
            [
              76.7376213,
              19.2727913,
              0.0
            ],
            [
              76.7379051,
              19.2731793,
              0.0
            ],
            [
              76.7380392,
              19.2733566,
              0.0
            ],
            [
              76.7382324,
              19.2747748,
              0.0
            ],
            [
              76.7390585,
              19.2791194,
              0.0
            ],
            [
              76.7396988,
              19.2814867,
              0.0
            ],
            [
              76.7407253,
              19.287642,
              0.0
            ],
            [
              76.7402747,
              19.2881585,
              0.0
            ],
            [
              76.7374959,
              19.2903762,
              0.0
            ],
            [
              76.7379036,
              19.2937888,
              0.0
            ],
            [
              76.7378714,
              19.2940521,
              0.0
            ],
            [
              76.7402372,
              19.2944065,
              0.0
            ],
            [
              76.7499307,
              19.2961988,
              0.0
            ],
            [
              76.749449,
              19.2977678,
              0.0
            ],
            [
              76.7506924,
              19.3006147,
              0.0
            ],
            [
              76.7527213,
              19.3046533,
              0.0
            ],
            [
              76.7796217,
              19.3053787,
              0.0
            ],
            [
              76.7797719,
              19.3069279,
              0.0
            ],
            [
              76.7848359,
              19.3063204,
              0.0
            ],
            [
              76.7991239,
              19.3049136,
              0.0
            ],
            [
              76.8022782,
              19.3190888,
              0.0
            ],
            [
              76.806677,
              19.3161121,
              0.0
            ],
            [
              76.8084465,
              19.3158223,
              0.0
            ],
            [
              76.8088756,
              19.3141011,
              0.0
            ],
            [
              76.8108926,
              19.3139189,
              0.0
            ],
            [
              76.8123303,
              19.3131899,
              0.0
            ],
            [
              76.8140469,
              19.3132911,
              0.0
            ],
            [
              76.8149052,
              19.311823,
              0.0
            ],
            [
              76.816021,
              19.3109724,
              0.0
            ],
            [
              76.8168579,
              19.3107699,
              0.0
            ],
            [
              76.8186603,
              19.3101624,
              0.0
            ],
            [
              76.8210636,
              19.3088259,
              0.0
            ],
            [
              76.8212567,
              19.306335,
              0.0
            ],
            [
              76.81841509497895,
              19.301713741454133,
              0.0
            ],
            [
              76.8146477,
              19.2954801,
              0.0
            ],
            [
              76.8125771,
              19.2922195,
              0.0
            ],
            [
              76.8098734,
              19.2887157,
              0.0
            ],
            [
              76.8091653,
              19.2880778,
              0.0
            ],
            [
              76.8088112,
              19.287855,
              0.0
            ],
            [
              76.8079851,
              19.2876929,
              0.0
            ],
            [
              76.8076847,
              19.285536,
              0.0
            ],
            [
              76.80752606263313,
              19.284712441040625,
              0.0
            ],
            [
              76.807405,
              19.2839264,
              0.0
            ],
            [
              76.8069444,
              19.2795003,
              0.0
            ],
            [
              76.80550275891443,
              19.277439475763916,
              0.0
            ],
            [
              76.8068289,
              19.277339,
              0.0
            ],
            [
              76.80683008823519,
              19.27731676302732,
              0.0
            ],
            [
              76.8069759,
              19.2773033,
              0.0
            ],
            [
              76.8068933,
              19.2761338,
              0.0
            ],
            [
              76.807284,
              19.274875,
              0.0
            ],
            [
              76.8073752,
              19.2745408,
              0.0
            ],
            [
              76.8076595,
              19.2723938,
              0.0
            ],
            [
              76.8075736,
              19.2702568,
              0.0
            ],
            [
              76.8074932,
              19.2685958,
              0.0
            ],
            [
              76.812525,
              19.2684946,
              0.0
            ],
            [
              76.8152501,
              19.2680996,
              0.0
            ],
            [
              76.8153574,
              19.2664791,
              0.0
            ],
            [
              76.8146363,
              19.2598632,
              0.0
            ],
            [
              76.8143642,
              19.2553564,
              0.0
            ],
            [
              76.8167246,
              19.2548905,
              0.0
            ],
            [
              76.816392,
              19.2524089,
              0.0
            ],
            [
              76.8161881,
              19.2515682,
              0.0
            ],
            [
              76.8157,
              19.2453135,
              0.0
            ],
            [
              76.8151099,
              19.242528,
              0.0
            ],
            [
              76.8148309,
              19.2414593,
              0.0
            ],
            [
              76.8153753,
              19.2411682,
              0.0
            ],
            [
              76.8136441,
              19.235807,
              0.0
            ],
            [
              76.8122490481652,
              19.231204816574213,
              0.0
            ],
            [
              76.8081913,
              19.2176439,
              0.0
            ],
            [
              76.8045006,
              19.2207946,
              0.0
            ],
            [
              76.8039718,
              19.2207833,
              0.0
            ],
            [
              76.80359228707464,
              19.22091478616143,
              0.0
            ],
            [
              76.8035022,
              19.2209235,
              0.0
            ],
            [
              76.8030355,
              19.2210349,
              0.0
            ],
            [
              76.8028799,
              19.2211616,
              0.0
            ],
            [
              76.8023625,
              19.2211683,
              0.0
            ],
            [
              76.8018177,
              19.221506,
              0.0
            ],
            [
              76.8010453,
              19.2221088,
              0.0
            ],
            [
              76.80072705065788,
              19.222389252642333,
              0.0
            ],
            [
              76.8002138,
              19.2227723,
              0.0
            ],
            [
              76.7999187,
              19.2231016,
              0.0
            ],
            [
              76.7996452,
              19.2237753,
              0.0
            ],
            [
              76.7989317,
              19.2244692,
              0.0
            ],
            [
              76.7987064,
              19.2246718,
              0.0
            ],
            [
              76.7983684,
              19.2249605,
              0.0
            ],
            [
              76.7982826,
              19.2251125,
              0.0
            ],
            [
              76.7976871,
              19.2252847,
              0.0
            ],
            [
              76.7971829,
              19.225543,
              0.0
            ],
            [
              76.79562571174425,
              19.22773161854904,
              0.0
            ],
            [
              76.7952517,
              19.2280199,
              0.0
            ],
            [
              76.7945651,
              19.228101,
              0.0
            ],
            [
              76.7924145,
              19.2285625,
              0.0
            ],
            [
              76.7922643,
              19.2291298,
              0.0
            ],
            [
              76.7922643,
              19.2302644,
              0.0
            ],
            [
              76.7922643,
              19.2307101,
              0.0
            ],
            [
              76.79164473777955,
              19.231157271520974,
              0.0
            ],
            [
              76.7911485,
              19.2311964,
              0.0
            ],
            [
              76.790376,
              19.2311964,
              0.0
            ],
            [
              76.7895177,
              19.2311964,
              0.0
            ],
            [
              76.788831,
              19.2315813,
              0.0
            ],
            [
              76.7876509,
              19.2324525,
              0.0
            ],
            [
              76.7862776,
              19.2328172,
              0.0
            ],
            [
              76.78617959927452,
              19.232873377513076,
              0.0
            ],
            [
              76.7859474,
              19.2329398,
              0.0
            ],
            [
              76.78576038243337,
              19.23311368756649,
              0.0
            ],
            [
              76.7856768,
              19.2331616,
              0.0
            ],
            [
              76.7850116,
              19.2338099,
              0.0
            ],
            [
              76.7840889,
              19.2360587,
              0.0
            ],
            [
              76.78127384247682,
              19.237068379923787,
              0.0
            ],
            [
              76.7808963246055,
              19.237139666699086,
              0.0
            ],
            [
              76.78029975447254,
              19.2372298,
              0.0
            ],
            [
              76.77913436791218,
              19.2372298,
              0.0
            ],
            [
              76.7783376,
              19.2372096,
              0.0
            ],
            [
              76.7770501,
              19.237554,
              0.0
            ],
            [
              76.7764278,
              19.2382833,
              0.0
            ],
            [
              76.7762133,
              19.2387493,
              0.0
            ],
            [
              76.7759558,
              19.2393976,
              0.0
            ],
            [
              76.7754523076594,
              19.239645922940493,
              0.0
            ],
            [
              76.7750546,
              19.2396609,
              0.0
            ],
            [
              76.7745181,
              19.2396609,
              0.0
            ],
            [
              76.7741104,
              19.2398838,
              0.0
            ],
            [
              76.7735311,
              19.2398838,
              0.0
            ],
            [
              76.7732307,
              19.2398838,
              0.0
            ],
            [
              76.7728444,
              19.2399243,
              0.0
            ],
            [
              76.7722436,
              19.2399446,
              0.0
            ],
            [
              76.771793,
              19.2395596,
              0.0
            ],
            [
              76.7706772,
              19.2391342,
              0.0
            ],
            [
              76.7682525,
              19.2389114,
              0.0
            ],
            [
              76.7680755,
              19.2395544,
              0.0
            ],
            [
              76.7663911,
              19.240537,
              0.0
            ],
            [
              76.7651573,
              19.2403648,
              0.0
            ],
            [
              76.7642668,
              19.2405167,
              0.0
            ],
            [
              76.7637947,
              19.2407598,
              0.0
            ],
            [
              76.7633524,
              19.2414285,
              0.0
            ],
            [
              76.7623034,
              19.242492,
              0.0
            ],
            [
              76.761606,
              19.2427452,
              0.0
            ],
            [
              76.76158031135627,
              19.242761367880856,
              0.0
            ],
            [
              76.7609706,
              19.2429885,
              0.0
            ],
            [
              76.7602971,
              19.2429174,
              0.0
            ],
            [
              76.7598143,
              19.2431605,
              0.0
            ],
            [
              76.7595032,
              19.2436265,
              0.0
            ],
            [
              76.7589322,
              19.2438799,
              0.0
            ],
            [
              76.75825509581877,
              19.244968212791044,
              0.0
            ],
            [
              76.7578724,
              19.2453788,
              0.0
            ],
            [
              76.7575612,
              19.2459663,
              0.0
            ],
            [
              76.7572394,
              19.2475769,
              0.0
            ],
            [
              76.7561879,
              19.2486809,
              0.0
            ],
            [
              76.7555871,
              19.2494406,
              0.0
            ],
            [
              76.7548039,
              19.2498559,
              0.0
            ],
            [
              76.7545947,
              19.2501496,
              0.0
            ],
            [
              76.75458676160642,
              19.250173032756194,
              0.0
            ],
            [
              76.75392203467952,
              19.251143872960746,
              0.0
            ],
            [
              76.7536931,
              19.2513462,
              0.0
            ],
            [
              76.75331336825568,
              19.251848026293978,
              0.0
            ]
          ]
        ]
      }
    },
    {
      "type": "Feature",
      "properties": {
        "id": "maharashtra-pune-pune-municipal-corporation",
        "name": "Pune Municipal Corporation",
        "state": "Maharashtra",
        "district": "Pune",
        "geometry_source": "dissolved_wards",
        "last_updated": "2025-11-02"
      },
      "geometry": {
        "type": "Polygon",
        "coordinates": [
          [
            [
              73.8169874902806,
              18.3893443064946
            ],
            [
              73.8120332042691,
              18.3882796314999
            ],
            [
              73.8048212853741,
              18.3855620367586
            ],
            [
              73.8027571227431,
              18.3859574254948
            ],
            [
              73.8016349154191,
              18.3857888044099
            ],
            [
              73.7999021817404,
              18.3864632914479
            ],
            [
              73.798871554179,
              18.388029220672
            ],
            [
              73.7958098338569,
              18.3927626214978
            ],
            [
              73.7947559480287,
              18.3936257179525
            ],
            [
              73.7947832037819,
              18.395242887849
            ],
            [
              73.7934643911688,
              18.4007496336888
            ],
            [
              73.7925283641927,
              18.403823881567
            ],
            [
              73.7878875188939,
              18.4068719735628
            ],
            [
              73.7867882065106,
              18.4074897691377
            ],
            [
              73.7856707242246,
              18.4083346947903
            ],
            [
              73.7849257357342,
              18.4090070018718
            ],
            [
              73.7843424642334,
              18.4098319400921
            ],
            [
              73.7839877770144,
              18.4100470777106
            ],
            [
              73.7834702828274,
              18.410052892727
            ],
            [
              73.7820573489676,
              18.4098900848597
            ],
            [
              73.7815747421806,
              18.4096400598409
            ],
            [
              73.7812570090038,
              18.4097718635807
            ],
            [
              73.7788386357946,
              18.4105060638038
            ],
            [
              73.7783116933301,
              18.4104788080506
            ],
            [
              73.7779846251905,
              18.4107513646838
            ],
            [
              73.7780754774016,
              18.4113873301613
            ],
            [
              73.7784570561483,
              18.4119142735249
            ],
            [
              73.7796199649895,
              18.4116871425476
            ],
            [
              73.7806793025078,
              18.4115588587544
            ],
            [
              73.7811037636279,
              18.4115995611709
            ],
            [
              73.7814351925801,
              18.4116577059385
            ],
            [
              73.7815224106309,
              18.4118321429392
            ],
            [
              73.7804564891758,
              18.4128289883673
            ],
            [
              73.7803076369881,
              18.4132532174621
            ],
            [
              73.7796501282511,
              18.4138265307699
            ],
            [
              73.7785686233434,
              18.4150185119949
            ],
            [
              73.7785046635594,
              18.4159488390677
            ],
            [
              73.7783418556922,
              18.4161232751692
            ],
            [
              73.7778534338889,
              18.4161930499694
            ],
            [
              73.7774173436356,
              18.4161872358524
            ],
            [
              73.7770397614759,
              18.4160117088734
            ],
            [
              73.7758677676834,
              18.4165749929417
            ],
            [
              73.7730604340919,
              18.4179105203543
            ],
            [
              73.7690720208572,
              18.4189553212312
            ],
            [
              73.7674744750671,
              18.4195189686255
            ],
            [
              73.764956778033,
              18.4194898962418
            ],
            [
              73.7647823410323,
              18.4196468881935
            ],
            [
              73.7645788325472,
              18.4201934556635
            ],
            [
              73.7636753979014,
              18.4206270026341
            ],
            [
              73.7634755226774,
              18.4213447353713
            ],
            [
              73.7628032164953,
              18.4227256893392
            ],
            [
              73.7625262990496,
              18.4234903019359
            ],
            [
              73.7624855966332,
              18.424106643307
            ],
            [
              73.7619037793361,
              18.4249061424046
            ],
            [
              73.7620763988068,
              18.4256602167457
            ],
            [
              73.7615585403944,
              18.4265233123011
            ],
            [
              73.7615221996898,
              18.4273409830999
            ],
            [
              73.759114854097,
              18.4325906645601
            ],
            [
              73.7586566529823,
              18.4325214773843
            ],
            [
              73.7575932244479,
              18.4324005590386
            ],
            [
              73.7521192130313,
              18.432269836284
            ],
            [
              73.7505832222381,
              18.4316489038738
            ],
            [
              73.7494067183454,
              18.434835268433
            ],
            [
              73.7489622607998,
              18.4355437849178
            ],
            [
              73.7476341186197,
              18.4367464339009
            ],
            [
              73.7459608687991,
              18.437332071518
            ],
            [
              73.7436496920798,
              18.4398105725001
            ],
            [
              73.7422588033012,
              18.4409609322014
            ],
            [
              73.7412966842947,
              18.441473365004
            ],
            [
              73.7408679145228,
              18.4416093164169
            ],
            [
              73.7401986147744,
              18.4420067133392
            ],
            [
              73.7393306161151,
              18.4428015071838
            ],
            [
              73.7389541347256,
              18.4433453128361
            ],
            [
              73.7379083535878,
              18.4442446852441
            ],
            [
              73.7373750052524,
              18.4448930694597
            ],
            [
              73.7369357772644,
              18.4455519118914
            ],
            [
              73.7369671501141,
              18.4460538864777
            ],
            [
              73.7382116301627,
              18.4477794255801
            ],
            [
              73.738609027085,
              18.4490657366944
            ],
            [
              73.7395920616245,
              18.4503311313767
            ],
            [
              73.7397803023192,
              18.4510945523718
            ],
            [
              73.7402509031567,
              18.4513559969818
            ],
            [
              73.740679673828,
              18.4521612490425
            ],
            [
              73.7413594317924,
              18.4532174874971
            ],
            [
              73.7416627083674,
              18.4533952708751
            ],
            [
              73.7428548991343,
              18.4551208099775
            ],
            [
              73.7429803923313,
              18.4556646156296
            ],
            [
              73.7435660299485,
              18.4561875066482
            ],
            [
              73.7439111375891,
              18.4566790239178
            ],
            [
              73.7438588483074,
              18.4569927578096
            ],
            [
              73.7435869454812,
              18.457233287786
            ],
            [
              73.7430117660803,
              18.458279068924
            ],
            [
              73.7429281030496,
              18.4587496706609
            ],
            [
              73.7423842973976,
              18.4589169958228
            ],
            [
              73.7421855984867,
              18.4590634045526
            ],
            [
              73.7421855984867,
              18.4594503441581
            ],
            [
              73.7421960567027,
              18.459743162517
            ],
            [
              73.7415999608696,
              18.4601301021225
            ],
            [
              73.7417882015644,
              18.460349715667
            ],
            [
              73.7419659849423,
              18.4606111611762
            ],
            [
              73.7415999608696,
              18.46120725611
            ],
            [
              73.7412339376962,
              18.4617196889125
            ],
            [
              73.7410143241519,
              18.4620334237036
            ],
            [
              73.7401254099597,
              18.4621484595838
            ],
            [
              73.7396769783101,
              18.4627604509342
            ],
            [
              73.7392084683962,
              18.4632691182753
            ],
            [
              73.7382982204866,
              18.4639049533509
            ],
            [
              73.7375084466577,
              18.4642462964295
            ],
            [
              73.7367119800739,
              18.4645876395081
            ],
            [
              73.7361564607522,
              18.4647415782612
            ],
            [
              73.735754881083,
              18.4647148063434
            ],
            [
              73.7354938537584,
              18.4649356753412
            ],
            [
              73.7354001515958,
              18.465323869501
            ],
            [
              73.7353934588411,
              18.465658519825
            ],
            [
              73.7352194409247,
              18.4660734859027
            ],
            [
              73.7348914842547,
              18.4665687677346
            ],
            [
              73.7346505360935,
              18.466910110813
            ],
            [
              73.7344497462589,
              18.4672046028102
            ],
            [
              73.7343761232595,
              18.4675392522348
            ],
            [
              73.7343560440963,
              18.468108157066
            ],
            [
              73.7343627368509,
              18.4685097376344
            ],
            [
              73.7340548593443,
              18.468817615141
            ],
            [
              73.7336934371025,
              18.4694869157886
            ],
            [
              73.7334257170233,
              18.4703570053716
            ],
            [
              73.7334190242687,
              18.4706916556954
            ],
            [
              73.7333186293514,
              18.4709861476926
            ],
            [
              73.7329906717823,
              18.4714881222791
            ],
            [
              73.7322946001158,
              18.4722845897622
            ],
            [
              73.7321205821993,
              18.4727263277579
            ],
            [
              73.7321339677085,
              18.4730007405918
            ],
            [
              73.7324552316237,
              18.4731011355091
            ],
            [
              73.7324598334546,
              18.4744991361262
            ],
            [
              73.7327526518135,
              18.4764233732403
            ],
            [
              73.7334428679941,
              18.4779815871807
            ],
            [
              73.7337670601019,
              18.4789855372529
            ],
            [
              73.735199779946,
              18.4795502593371
            ],
            [
              73.7366847899712,
              18.4797594155646
            ],
            [
              73.7370704075734,
              18.4795300111011
            ],
            [
              73.7372599693722,
              18.4796757525339
            ],
            [
              73.737249511156,
              18.4812235091576
            ],
            [
              73.7371763063416,
              18.4823006640445
            ],
            [
              73.7370194393958,
              18.4827503493493
            ],
            [
              73.7369227047192,
              18.4848366829667
            ],
            [
              73.7368573437915,
              18.4855883381314
            ],
            [
              73.7371678095468,
              18.4863073128324
            ],
            [
              73.7371351290831,
              18.4873204135063
            ],
            [
              73.7377724021747,
              18.4878759849888
            ],
            [
              73.7388835442403,
              18.4882027914258
            ],
            [
              73.7403214936422,
              18.4883661946442
            ],
            [
              73.7428215648635,
              18.4886439799359
            ],
            [
              73.7431973924459,
              18.4875655183341
            ],
            [
              73.7443018417566,
              18.485704053899
            ],
            [
              73.7447034214258,
              18.4855367287371
            ],
            [
              73.7447034214258,
              18.4851619209859
            ],
            [
              73.744623105672,
              18.4847938059895
            ],
            [
              73.7447098470819,
              18.4845448259831
            ],
            [
              73.7452110185738,
              18.4844934243321
            ],
            [
              73.7455365659598,
              18.4843435010518
            ],
            [
              73.7461405425521,
              18.4843135167555
            ],
            [
              73.7466931165941,
              18.4845533938241
            ],
            [
              73.7473935895425,
              18.4848000805593
            ],
            [
              73.7478328175306,
              18.4851974774818
            ],
            [
              73.7481674669552,
              18.4856785365354
            ],
            [
              73.7484184551477,
              18.4862537168357
            ],
            [
              73.7485544065607,
              18.4865256196617
            ],
            [
              73.7491714170274,
              18.486787065171
            ],
            [
              73.7495478984169,
              18.4869543903329
            ],
            [
              73.7497858176615,
              18.4871620572832
            ],
            [
              73.7501027981058,
              18.4879587918648
            ],
            [
              73.7502741396398,
              18.4884642468277
            ],
            [
              73.7504026446664,
              18.488836913293
            ],
            [
              73.7507110581689,
              18.4891324763827
            ],
            [
              73.7511693949517,
              18.4891838780337
            ],
            [
              73.7518333401367,
              18.4891153424991
            ],
            [
              73.7525658226547,
              18.4889440009649
            ],
            [
              73.7529984577127,
              18.4887555264464
            ],
            [
              73.7532940208026,
              18.4883871434521
            ],
            [
              73.7542744113351,
              18.4883611746286
            ],
            [
              73.7547897723302,
              18.4883076307927
            ],
            [
              73.7552515894893,
              18.4880532971221
            ],
            [
              73.7556665555671,
              18.4876182518809
            ],
            [
              73.7558742773762,
              18.4872631608663
            ],
            [
              73.756101599909,
              18.4871631283758
            ],
            [
              73.7565366451501,
              18.4871631283758
            ],
            [
              73.7567976724746,
              18.4870158823772
            ],
            [
              73.7575481252459,
              18.4862955479013
            ],
            [
              73.759294160797,
              18.4854229483105
            ],
            [
              73.7598965312,
              18.485275702312
            ],
            [
              73.7602111023606,
              18.4850749115781
            ],
            [
              73.7603315764413,
              18.4846599463996
            ],
            [
              73.7602646461966,
              18.4843855326662
            ],
            [
              73.7601642512792,
              18.4841245062411
            ],
            [
              73.7602378742786,
              18.4837496984898
            ],
            [
              73.760826858273,
              18.4837296193266
            ],
            [
              73.7613489120228,
              18.483689461
            ],
            [
              73.761750491692,
              18.4837697767538
            ],
            [
              73.7620650628524,
              18.4838634789165
            ],
            [
              73.7624264850944,
              18.4837630839992
            ],
            [
              73.7633286804743,
              18.4832353303464
            ],
            [
              73.7642437388575,
              18.4831372889548
            ],
            [
              73.7650770956315,
              18.4831863092008
            ],
            [
              73.7656490077955,
              18.4832843514917
            ],
            [
              73.7663189613511,
              18.483725540901
            ],
            [
              73.7670706165159,
              18.4841830700928
            ],
            [
              73.767805930999,
              18.4844935358481
            ],
            [
              73.7683615024815,
              18.4846569390666
            ],
            [
              73.7690844072197,
              18.4848665431565
            ],
            [
              73.7683815852421,
              18.4863287355828
            ],
            [
              73.7659706530233,
              18.4897392768463
            ],
            [
              73.765706183094,
              18.4909552492855
            ],
            [
              73.7653683374788,
              18.4914666047002
            ],
            [
              73.7651280377288,
              18.4920562622868
            ],
            [
              73.7650611641414,
              18.4926709731869
            ],
            [
              73.7651703589251,
              18.4935974700473
            ],
            [
              73.7654383811765,
              18.4941268964393
            ],
            [
              73.7661861962361,
              18.4947684134317
            ],
            [
              73.7670961482688,
              18.4964383825254
            ],
            [
              73.7658604743814,
              18.4971983995866
            ],
            [
              73.7648884799195,
              18.4981342026314
            ],
            [
              73.764014719304,
              18.4993130042918
            ],
            [
              73.7618846039914,
              18.5012776740255
            ],
            [
              73.7610948580413,
              18.5020412452075
            ],
            [
              73.7604324282141,
              18.5024694007423
            ],
            [
              73.760254703292,
              18.5028733213468
            ],
            [
              73.7601739198905,
              18.5036488490152
            ],
            [
              73.7603031740524,
              18.5040931617702
            ],
            [
              73.760626310356,
              18.5041820237814
            ],
            [
              73.7610408294707,
              18.5041330619912
            ],
            [
              73.7614577533727,
              18.5041462982131
            ],
            [
              73.7617853359246,
              18.5043779222033
            ],
            [
              73.7619937978756,
              18.5046293996271
            ],
            [
              73.7619143841416,
              18.5049569830783
            ],
            [
              73.7617754092079,
              18.5052978009529
            ],
            [
              73.7619110755358,
              18.5056783265936
            ],
            [
              73.7621493167377,
              18.5057875204777
            ],
            [
              73.7624748906538,
              18.5058120238563
            ],
            [
              73.7620018567006,
              18.5076552675766
            ],
            [
              73.7618963797142,
              18.5084928799425
            ],
            [
              73.7611642443345,
              18.5096841507032
            ],
            [
              73.7596793746036,
              18.5120463423648
            ],
            [
              73.7591601788993,
              18.5130221913213
            ],
            [
              73.7586886337735,
              18.5132393506155
            ],
            [
              73.7582481116612,
              18.5139032355459
            ],
            [
              73.75696377276,
              18.5152558248964
            ],
            [
              73.7561385692397,
              18.5157459832907
            ],
            [
              73.7539545728453,
              18.5158886877128
            ],
            [
              73.7536443454103,
              18.5159693461085
            ],
            [
              73.7532720737474,
              18.5163974593753
            ],
            [
              73.7527695065077,
              18.5171233903322
            ],
            [
              73.7523196773113,
              18.5183511133135
            ],
            [
              73.7503435322282,
              18.5221304512594
            ],
            [
              73.7492701472996,
              18.5227074733713
            ],
            [
              73.7480249747729,
              18.5237800830847
            ],
            [
              73.7476371907038,
              18.5244102308476
            ],
            [
              73.7475014668192,
              18.5247301520749
            ],
            [
              73.747482077436,
              18.5253990786047
            ],
            [
              73.74778260928,
              18.5269017405232
            ],
            [
              73.7476856641621,
              18.5288697413455
            ],
            [
              73.7472507826676,
              18.5291694614497
            ],
            [
              73.747174879817,
              18.5292217760144
            ],
            [
              73.7436302235561,
              18.5320577102952
            ],
            [
              73.7391059528776,
              18.5324664341787
            ],
            [
              73.7368955865622,
              18.5336782580452
            ],
            [
              73.7359746007473,
              18.5344344359007
            ],
            [
              73.7359261281883,
              18.538806695073
            ],
            [
              73.7377584051264,
              18.5406777507777
            ],
            [
              73.7382625236966,
              18.5408619481206
            ],
            [
              73.7402789979774,
              18.5435861267984
            ],
            [
              73.7404050280697,
              18.5440514675012
            ],
            [
              73.7401238847096,
              18.5453020692352
            ],
            [
              73.7398912148078,
              18.5476093815679
            ],
            [
              73.7401723572685,
              18.5485303673826
            ],
            [
              73.7402789979774,
              18.5493737965635
            ],
            [
              73.7401917466518,
              18.5500911965516
            ],
            [
              73.7399447289662,
              18.5507457743981
            ],
            [
              73.7391253422609,
              18.5521270593164
            ],
            [
              73.7387569475753,
              18.5529220159383
            ],
            [
              73.7386503068664,
              18.5535618592925
            ],
            [
              73.7381946617543,
              18.5564314574459
            ],
            [
              73.7369537538128,
              18.5594270847923
            ],
            [
              73.7360366152976,
              18.5612339235068
            ],
            [
              73.7361239745419,
              18.5615595374428
            ],
            [
              73.7336905556747,
              18.5637194607845
            ],
            [
              73.7328320961244,
              18.5654629359658
            ],
            [
              73.7322841113227,
              18.5661101933308
            ],
            [
              73.7319505554738,
              18.5669281995769
            ],
            [
              73.7318274571716,
              18.5672935221784
            ],
            [
              73.7319108459089,
              18.5675397187832
            ],
            [
              73.7320463530568,
              18.5677400005007
            ],
            [
              73.7333431017029,
              18.5688940447245
            ],
            [
              73.7337960326608,
              18.5691546349786
            ],
            [
              73.7344847361817,
              18.5696137712585
            ],
            [
              73.7352044627159,
              18.5699612252304
            ],
            [
              73.7355333034194,
              18.5700356792034
            ],
            [
              73.7375812962399,
              18.5716932835183
            ],
            [
              73.7377361621943,
              18.572062577526
            ],
            [
              73.7379426483346,
              18.5723603952161
            ],
            [
              73.7383119423424,
              18.5726304166604
            ],
            [
              73.7392570173976,
              18.5731982557949
            ],
            [
              73.739864566097,
              18.5738018330883
            ],
            [
              73.7415720549065,
              18.5743934979616
            ],
            [
              73.7426759655235,
              18.574476886699
            ],
            [
              73.7431445320946,
              18.5746992575647
            ],
            [
              73.7440022479055,
              18.5747032280717
            ],
            [
              73.7445144936491,
              18.5745642468427
            ],
            [
              73.7460035829991,
              18.5742187776745
            ],
            [
              73.7466627527839,
              18.5741393603433
            ],
            [
              73.7474926714497,
              18.57415524327
            ],
            [
              73.7478504721216,
              18.5744343082969
            ],
            [
              73.7491398517229,
              18.5744730861642
            ],
            [
              73.7503040717755,
              18.574814413954
            ],
            [
              73.7509473577344,
              18.5749454532701
            ],
            [
              73.7513610764526,
              18.5755577171151
            ],
            [
              73.7521736525921,
              18.5762859746181
            ],
            [
              73.7522645389774,
              18.5767555565237
            ],
            [
              73.752840155449,
              18.5776492757935
            ],
            [
              73.7534006237399,
              18.5788308041984
            ],
            [
              73.7537944665415,
              18.5795730461593
            ],
            [
              73.7542034566243,
              18.5799214453186
            ],
            [
              73.7551880631787,
              18.5815119638062
            ],
            [
              73.7557788278308,
              18.5820724320972
            ],
            [
              73.7567634343852,
              18.5842840097993
            ],
            [
              73.7577827718575,
              18.5855656345466
            ],
            [
              73.7587196567868,
              18.5867010646025
            ],
            [
              73.7596937691521,
              18.5874456097272
            ],
            [
              73.7609098585033,
              18.5882211769658
            ],
            [
              73.7623226745519,
              18.5886920188218
            ],
            [
              73.7637920111924,
              18.5886314269989
            ],
            [
              73.7658975543288,
              18.5880558114266
            ],
            [
              73.7675789592017,
              18.5875407858787
            ],
            [
              73.7691240349463,
              18.5872832731047
            ],
            [
              73.7712447262631,
              18.5875104904169
            ],
            [
              73.7733654175801,
              18.5882527323778
            ],
            [
              73.7746529796515,
              18.588449653329
            ],
            [
              73.7757284734903,
              18.5883890624054
            ],
            [
              73.7765161581943,
              18.5880103677843
            ],
            [
              73.777924903012,
              18.5866167702479
            ],
            [
              73.778561110407,
              18.5856927555163
            ],
            [
              73.7790761359551,
              18.5842688625182
            ],
            [
              73.7798585137596,
              18.5820786850834
            ],
            [
              73.7809117952433,
              18.5786344228405
            ],
            [
              73.7811222536891,
              18.5781142342846
            ],
            [
              73.7816265584191,
              18.5776933182921
            ],
            [
              73.7836805083488,
              18.5761037162137
            ],
            [
              73.7860580865116,
              18.5741870109219
            ],
            [
              73.7873089211699,
              18.5732816445324
            ],
            [
              73.789059840939,
              18.5723809941877
            ],
            [
              73.7895437949103,
              18.5717791543845
            ],
            [
              73.7899773679612,
              18.5707640922891
            ],
            [
              73.7899853098743,
              18.5700930091852
            ],
            [
              73.7898264734132,
              18.5692114685346
            ],
            [
              73.7894690927246,
              18.5684371423604
            ],
            [
              73.7892070131932,
              18.5683537536229
            ],
            [
              73.7886590283916,
              18.5681075579176
            ],
            [
              73.7884843081045,
              18.5677700306624
            ],
            [
              73.7881242267518,
              18.5661098758701
            ],
            [
              73.7881242267518,
              18.5653093416529
            ],
            [
              73.788324995902,
              18.5648442689479
            ],
            [
              73.7887123869671,
              18.5644019598826
            ],
            [
              73.7891218869657,
              18.5641475740513
            ],
            [
              73.7922844635572,
              18.5634134727537
            ],
            [
              73.7926021355801,
              18.56342363869
            ],
            [
              73.7928284769528,
              18.5635489601165
            ],
            [
              73.7929198076032,
              18.5636839708386
            ],
            [
              73.7929992258338,
              18.5639897304418
            ],
            [
              73.793110410817,
              18.5642041593945
            ],
            [
              73.7934092213586,
              18.5644453917415
            ],
            [
              73.7942341766661,
              18.5650102532206
            ],
            [
              73.7945995001669,
              18.5653001289979
            ],
            [
              73.7947543652219,
              18.5655502961094
            ],
            [
              73.7955373779477,
              18.5664618660223
            ],
            [
              73.7959733553,
              18.5668865710675
            ],
            [
              73.7962571035825,
              18.5671629792881
            ],
            [
              73.7981184645956,
              18.5683046137669
            ],
            [
              73.7994717985848,
              18.5690367491468
            ],
            [
              73.7998490345054,
              18.5691836722887
            ],
            [
              73.8008655858782,
              18.5694497232263
            ],
            [
              73.8019933222341,
              18.5694973738049
            ],
            [
              73.8029225134633,
              18.5694973738049
            ],
            [
              73.8038675885185,
              18.5693504506628
            ],
            [
              73.8048643476117,
              18.5691313686178
            ],
            [
              73.8083497457443,
              18.5681557049219
            ],
            [
              73.8102793572067,
              18.567919932359
            ],
            [
              73.8115437446482,
              18.5679488257778
            ],
            [
              73.8129414017243,
              18.5680057078971
            ],
            [
              73.8140790288242,
              18.5683713731405
            ],
            [
              73.8210637564873,
              18.5694318051338
            ],
            [
              73.8218174962806,
              18.5694290424165
            ],
            [
              73.8227412493093,
              18.5693221049314
            ],
            [
              73.8268915584988,
              18.5682256146205
            ],
            [
              73.8278184195844,
              18.5681494348487
            ],
            [
              73.8291007898696,
              18.5685684271912
            ],
            [
              73.8301292257833,
              18.5696095588341
            ],
            [
              73.8308910297973,
              18.5711204702335
            ],
            [
              73.8313354153972,
              18.572237783447
            ],
            [
              73.8320591295254,
              18.5732027353181
            ],
            [
              73.83246542434,
              18.5735328503608
            ],
            [
              73.8341581534761,
              18.5744576807775
            ],
            [
              73.8350926327188,
              18.5749696126575
            ],
            [
              73.8361408753012,
              18.5753596567228
            ],
            [
              73.8367665705209,
              18.5754571675145
            ],
            [
              73.8378066868292,
              18.5753109008774
            ],
            [
              73.8426608531159,
              18.5731526592678
            ],
            [
              73.844112393972,
              18.572745858135
            ],
            [
              73.8439552203572,
              18.5714699818542
            ],
            [
              73.8437703107514,
              18.5703142963677
            ],
            [
              73.8435110676817,
              18.5675927967703
            ],
            [
              73.8408602035357,
              18.5675513775942
            ],
            [
              73.8408010326416,
              18.567172682973
            ],
            [
              73.8397477871307,
              18.5656519860503
            ],
            [
              73.8388898069192,
              18.565036606954
            ],
            [
              73.8402239961407,
              18.5628726024887
            ],
            [
              73.8392215344464,
              18.5620395919536
            ],
            [
              73.8326572434372,
              18.5585540463322
            ],
            [
              73.8328543577425,
              18.5570544295184
            ],
            [
              73.8345525673473,
              18.5516661630631
            ],
            [
              73.8347189859925,
              18.5511484161666
            ],
            [
              73.8349501225502,
              18.5486336455264
            ],
            [
              73.8348730380603,
              18.5484216060725
            ],
            [
              73.8344602600331,
              18.5482322592114
            ],
            [
              73.8341589709598,
              18.5479026423931
            ],
            [
              73.8340209744885,
              18.5475316729484
            ],
            [
              73.8340929265475,
              18.5470507308067
            ],
            [
              73.8342563881969,
              18.5463541843351
            ],
            [
              73.8344697272672,
              18.5454450639617
            ],
            [
              73.8375643742324,
              18.5445101613971
            ],
            [
              73.8407329118701,
              18.5442718884011
            ],
            [
              73.8480372081308,
              18.5444649451505
            ],
            [
              73.8476539909714,
              18.545844399829
            ],
            [
              73.8496314100137,
              18.5466411662358
            ],
            [
              73.8509137805999,
              18.5485710698697
            ],
            [
              73.8510407477304,
              18.549015455235
            ],
            [
              73.8520310925826,
              18.5502216448619
            ],
            [
              73.8529533844672,
              18.5515858426575
            ],
            [
              73.8542431282211,
              18.55133101457
            ],
            [
              73.8545656788477,
              18.5520523551123
            ],
            [
              73.8555179343559,
              18.5511794551659
            ],
            [
              73.8569066394402,
              18.5505247796365
            ],
            [
              73.8564305114178,
              18.5498899427071
            ],
            [
              73.8558655069307,
              18.5479997161821
            ],
            [
              73.8549259482165,
              18.5456381235053
            ],
            [
              73.8539935008716,
              18.5423115788046
            ],
            [
              73.8567156801951,
              18.5425066011114
            ],
            [
              73.8600046431657,
              18.5430733829904
            ],
            [
              73.8658654555576,
              18.5420434245841
            ],
            [
              73.8694002263782,
              18.542197816572
            ],
            [
              73.8732252554098,
              18.54284366348
            ],
            [
              73.873428077415,
              18.5428748672334
            ],
            [
              73.8734852843753,
              18.5430256844118
            ],
            [
              73.8734713070482,
              18.5439448869698
            ],
            [
              73.8734956848451,
              18.5462240423411
            ],
            [
              73.8728560134272,
              18.5462604459448
            ],
            [
              73.8717326874901,
              18.5461824382874
            ],
            [
              73.8698653062097,
              18.547260701762
            ],
            [
              73.8708029924658,
              18.5486556068471
            ],
            [
              73.8708959858408,
              18.5491360744487
            ],
            [
              73.8727105956589,
              18.5520247462354
            ],
            [
              73.87271059589362,
              18.552024746265243
            ],
            [
              73.873993056934,
              18.5540470894017
            ],
            [
              73.8742890094303,
              18.5549924936087
            ],
            [
              73.8745905530117,
              18.5557024517069
            ],
            [
              73.8753218843976,
              18.5571125014408
            ],
            [
              73.8753582934506,
              18.5574622783616
            ],
            [
              73.875220234926,
              18.5576609484941
            ],
            [
              73.8747454477443,
              18.5580077783364
            ],
            [
              73.8743537902953,
              18.5581121644449
            ],
            [
              73.8725215142566,
              18.558568589269
            ],
            [
              73.871817804648,
              18.5643100716526
            ],
            [
              73.8712811441096,
              18.5657727353235
            ],
            [
              73.8712022232041,
              18.5660831570122
            ],
            [
              73.8712337912067,
              18.5664619766389
            ],
            [
              73.8718309581324,
              18.5685569923115
            ],
            [
              73.8721351322307,
              18.5691077928905
            ],
            [
              73.8725050728509,
              18.5706944290047
            ],
            [
              73.8726122738375,
              18.5727019739171
            ],
            [
              73.8712360136129,
              18.5749865243452
            ],
            [
              73.8710581931811,
              18.575281695394
            ],
            [
              73.8704026197852,
              18.5759525383789
            ],
            [
              73.8679576868977,
              18.5782485786091
            ],
            [
              73.8663093932639,
              18.5799871875587
            ],
            [
              73.8647144429174,
              18.5820922054911
            ],
            [
              73.8641158991295,
              18.5826221391005
            ],
            [
              73.8633341508504,
              18.5829394370056
            ],
            [
              73.8623011400857,
              18.5831252171552
            ],
            [
              73.8608678734537,
              18.5829898368116
            ],
            [
              73.8601762561294,
              18.5864832398098
            ],
            [
              73.8597583420739,
              18.5873396686909
            ],
            [
              73.8601497683972,
              18.5878547023327
            ],
            [
              73.8625570017043,
              18.5877081020476
            ],
            [
              73.8625110157708,
              18.5887013816635
            ],
            [
              73.8626351761724,
              18.5894555387423
            ],
            [
              73.8630306485457,
              18.5906833435615
            ],
            [
              73.8635407970702,
              18.5921450980179
            ],
            [
              73.8635857047167,
              18.5927935613738
            ],
            [
              73.8641807276585,
              18.5944214547864
            ],
            [
              73.8685902592333,
              18.6017519807694
            ],
            [
              73.8724530155943,
              18.5997792153386
            ],
            [
              73.8728760791678,
              18.5996274646359
            ],
            [
              73.8731703841061,
              18.5996274646359
            ],
            [
              73.874370597725,
              18.5997930109388
            ],
            [
              73.8772824667125,
              18.5994061783526
            ],
            [
              73.8837670975736,
              18.5991578404621
            ],
            [
              73.886554950051,
              18.5993374701483
            ],
            [
              73.8878770245052,
              18.6072196204892
            ],
            [
              73.888631469367,
              18.6097703613131
            ],
            [
              73.8890858608239,
              18.6108938375807
            ],
            [
              73.8897287411885,
              18.6112744972203
            ],
            [
              73.8909758517543,
              18.6136483503911
            ],
            [
              73.8912425663914,
              18.6149359358448
            ],
            [
              73.8919415410694,
              18.6171110361456
            ],
            [
              73.891849571001,
              18.6179939518594
            ],
            [
              73.8931832008441,
              18.6215729010686
            ],
            [
              73.8968585924503,
              18.6205245937352
            ],
            [
              73.8975721990978,
              18.6200825355807
            ],
            [
              73.8983552720783,
              18.6198488773239
            ],
            [
              73.8990625645857,
              18.6194762855023
            ],
            [
              73.9005655592533,
              18.6188700354239
            ],
            [
              73.9019422522333,
              18.6180364421281
            ],
            [
              73.9033189452132,
              18.6173165195419
            ],
            [
              73.9045061852123,
              18.6168176260326
            ],
            [
              73.9058658594916,
              18.6163690803846
            ],
            [
              73.9058668404523,
              18.6171871941517
            ],
            [
              73.9071120282841,
              18.6172725660372
            ],
            [
              73.9072799608508,
              18.6174451184048
            ],
            [
              73.9104943952941,
              18.61808234322
            ],
            [
              73.9114905642284,
              18.6185032140065
            ],
            [
              73.9139056698717,
              18.6186473959597
            ],
            [
              73.9156055401023,
              18.618494410514
            ],
            [
              73.9187478261967,
              18.6190746139575
            ],
            [
              73.919338579663,
              18.619213262895
            ],
            [
              73.9219641543209,
              18.6201018380518
            ],
            [
              73.9236326378738,
              18.620868350093
            ],
            [
              73.9264187637183,
              18.6210770665434
            ],
            [
              73.929475490939,
              18.6207638171951
            ],
            [
              73.9330805400887,
              18.6202247065265
            ],
            [
              73.9347229096322,
              18.6199669362294
            ],
            [
              73.9359728500522,
              18.6202629560293
            ],
            [
              73.9394126642574,
              18.6203800456586
            ],
            [
              73.9408175757945,
              18.6196065743007
            ],
            [
              73.9411428885188,
              18.6194618954066
            ],
            [
              73.9420300813377,
              18.6195726972008
            ],
            [
              73.9426948606163,
              18.6197555002324
            ],
            [
              73.9430195139836,
              18.6199936925292
            ],
            [
              73.943291765564,
              18.6201462889774
            ],
            [
              73.943548237765,
              18.6201998211474
            ],
            [
              73.9439308255633,
              18.6201811315251
            ],
            [
              73.944625679927,
              18.6200287525579
            ],
            [
              73.9461916258215,
              18.6205020647965
            ],
            [
              73.9470046878744,
              18.6206083586671
            ],
            [
              73.9476783063792,
              18.6205991826054
            ],
            [
              73.9508703142136,
              18.6201434394683
            ],
            [
              73.9516584099077,
              18.6200406442604
            ],
            [
              73.9522980248341,
              18.6199606927318
            ],
            [
              73.9528691087226,
              18.6201320180783
            ],
            [
              73.954026810489,
              18.6206638114858
            ],
            [
              73.9547285586762,
              18.6205614731336
            ],
            [
              73.9563513520333,
              18.6202398386977
            ],
            [
              73.9569507618683,
              18.6200570919612
            ],
            [
              73.9572943262723,
              18.6197135275575
            ],
            [
              73.9582884692376,
              18.619720837247
            ],
            [
              73.9593849514544,
              18.6197573865942
            ],
            [
              73.9599770515997,
              18.6200059223355
            ],
            [
              73.9607451733511,
              18.6203009494295
            ],
            [
              73.9631685440931,
              18.6203570887088
            ],
            [
              73.9640559627126,
              18.6194065125007
            ],
            [
              73.9656056573752,
              18.6187266942817
            ],
            [
              73.9655617974391,
              18.6185293272667
            ],
            [
              73.9654229097396,
              18.6182734818358
            ],
            [
              73.9646904362147,
              18.6178901206326
            ],
            [
              73.9643708729176,
              18.6176436623252
            ],
            [
              73.9642960196456,
              18.6174003894165
            ],
            [
              73.9642898790747,
              18.6170819718556
            ],
            [
              73.9657884041116,
              18.6102984045478
            ],
            [
              73.965919396663,
              18.6095875920938
            ],
            [
              73.9660003905057,
              18.608134680671
            ],
            [
              73.9657816458696,
              18.6072037270096
            ],
            [
              73.9679991417573,
              18.6038575713509
            ],
            [
              73.9720565868972,
              18.6031630568014
            ],
            [
              73.9732782799531,
              18.6031864173729
            ],
            [
              73.9750461042823,
              18.6030496216767
            ],
            [
              73.9765014026413,
              18.6028263280414
            ],
            [
              73.981138152593,
              18.6029879576805
            ],
            [
              73.9822910255818,
              18.6036283730971
            ],
            [
              73.9829486990788,
              18.6036336339131
            ],
            [
              73.9834169614629,
              18.6037599079839
            ],
            [
              73.9838273494341,
              18.6039493175053
            ],
            [
              73.9840904180432,
              18.6040913746173
            ],
            [
              73.98591611714,
              18.6055382542471
            ],
            [
              73.9903024653363,
              18.6062991816773
            ],
            [
              73.9932702137843,
              18.6071459355409
            ],
            [
              73.9955760133918,
              18.6081478997134
            ],
            [
              73.9981867111747,
              18.609722525622
            ],
            [
              73.9989948590074,
              18.6104229209458
            ],
            [
              74.0003796548987,
              18.6112468530406
            ],
            [
              74.0022721080886,
              18.612999221404
            ],
            [
              74.0043437764664,
              18.6138706384565
            ],
            [
              74.0053884893188,
              18.6123833116895
            ],
            [
              74.0055042399917,
              18.6113468187804
            ],
            [
              74.0077061286141,
              18.6084695019979
            ],
            [
              74.0086768528921,
              18.6078322169568
            ],
            [
              74.0090714568374,
              18.6060012558216
            ],
            [
              74.0100737494971,
              18.6042110705998
            ],
            [
              74.0108218583539,
              18.6033461767084
            ],
            [
              74.0112128387191,
              18.6033126901978
            ],
            [
              74.0116046205787,
              18.6029827703146
            ],
            [
              74.01143520046101,
              18.60280754321726
            ],
            [
              74.0116046213143,
              18.6029827709139
            ],
            [
              74.0118126361444,
              18.6028075977927
            ],
            [
              74.0131963789099,
              18.6018447647241
            ],
            [
              74.0132595158141,
              18.6016395709095
            ],
            [
              74.0133279137523,
              18.6013712401906
            ],
            [
              74.0135383695002,
              18.6011502623748
            ],
            [
              74.0149557855811,
              18.6006409610116
            ],
            [
              74.0154137356556,
              18.5977349951741
            ],
            [
              74.0157673005206,
              18.5962803282746
            ],
            [
              74.0158784207525,
              18.5959402325557
            ],
            [
              74.0160535196543,
              18.5957348282998
            ],
            [
              74.0163464738108,
              18.5955159548976
            ],
            [
              74.0179000544441,
              18.5950858631222
            ],
            [
              74.0182946580721,
              18.5947652476181
            ],
            [
              74.0183110994778,
              18.5945103995354
            ],
            [
              74.0181302395191,
              18.5943459809823
            ],
            [
              74.0166915805522,
              18.5940335870804
            ],
            [
              74.0167655686762,
              18.5933265886512
            ],
            [
              74.0171683930071,
              18.592315417023
            ],
            [
              74.0167326849655,
              18.5913453498082
            ],
            [
              74.0157297340402,
              18.5904163870067
            ],
            [
              74.0079774179237,
              18.5784796288319
            ],
            [
              74.0051675113716,
              18.5762481455357
            ],
            [
              74.0008827742208,
              18.5635669015913
            ],
            [
              73.9992796975999,
              18.5636737734259
            ],
            [
              73.9977834919147,
              18.5640026096328
            ],
            [
              73.9961393099812,
              18.5641588065837
            ],
            [
              73.9959337879141,
              18.563813528072
            ],
            [
              73.9937305837995,
              18.5637888659635
            ],
            [
              73.9924727847913,
              18.5643889916588
            ],
            [
              73.9917329035507,
              18.5648575834109
            ],
            [
              73.9911327769562,
              18.5653426174679
            ],
            [
              73.9897352224028,
              18.5670443452204
            ],
            [
              73.9851637400147,
              18.5682403230326
            ],
            [
              73.9852005699505,
              18.5688506434425
            ],
            [
              73.9825254861624,
              18.5689844796502
            ],
            [
              73.9823528469065,
              18.5680555168487
            ],
            [
              73.9809799553607,
              18.5680637375514
            ],
            [
              73.9793871543937,
              18.5648144240464
            ],
            [
              73.9785393733935,
              18.5623866870959
            ],
            [
              73.9775929412613,
              18.5608622220141
            ],
            [
              73.9762775964339,
              18.5599168178069
            ],
            [
              73.9755294935914,
              18.5586919025094
            ],
            [
              73.9754196620878,
              18.5582016074183
            ],
            [
              73.9753404129298,
              18.5557817008649
            ],
            [
              73.9753512641497,
              18.5530770221869
            ],
            [
              73.9756038108673,
              18.5528402603698
            ],
            [
              73.9755511969304,
              18.5527560784304
            ],
            [
              73.9752039453061,
              18.5521878489902
            ],
            [
              73.9751020062527,
              18.5505038783515
            ],
            [
              73.9743210196993,
              18.5503476805011
            ],
            [
              73.9724379184752,
              18.5461889293758
            ],
            [
              73.970613390096,
              18.5429981887156
            ],
            [
              73.9704240516937,
              18.5424803331018
            ],
            [
              73.970930525451,
              18.5419358906435
            ],
            [
              73.9717288171786,
              18.541278762908
            ],
            [
              73.9724122284417,
              18.540806802592
            ],
            [
              73.9726121891013,
              18.5409928930076
            ],
            [
              73.9746538974596,
              18.5383667844996
            ],
            [
              73.9760149934972,
              18.5339811838846
            ],
            [
              73.9782684643182,
              18.5320397319482
            ],
            [
              73.9797314031817,
              18.530183399944
            ],
            [
              73.9849602315295,
              18.5267513567898
            ],
            [
              73.9894643996623,
              18.5238447263532
            ],
            [
              73.9911395947167,
              18.5225578216862
            ],
            [
              73.9916506128856,
              18.5216217641332
            ],
            [
              73.9919279629052,
              18.5205990353172
            ],
            [
              73.9919279629052,
              18.5185189088206
            ],
            [
              73.9918496112707,
              18.5173880131464
            ],
            [
              73.9915722612509,
              18.5164006465728
            ],
            [
              73.9912061589371,
              18.513360887695
            ],
            [
              73.9911285006798,
              18.5117189747509
            ],
            [
              73.9911728768269,
              18.5107981714988
            ],
            [
              73.9914169447362,
              18.5101658132018
            ],
            [
              73.9918607053075,
              18.5096887705204
            ],
            [
              73.9927593204864,
              18.5088567195621
            ],
            [
              73.9970083257737,
              18.505972277199
            ],
            [
              73.9978403767321,
              18.5053621069758
            ],
            [
              73.9972759136527,
              18.5041257909726
            ],
            [
              73.9970345077364,
              18.503678479878
            ],
            [
              73.9966936997546,
              18.5033021711583
            ],
            [
              73.9961895874796,
              18.5030039640618
            ],
            [
              73.9958061786123,
              18.5026489557848
            ],
            [
              73.9951742636815,
              18.5017827359845
            ],
            [
              73.9931649174271,
              18.4995319829147
            ],
            [
              73.9928596101829,
              18.4992550771601
            ],
            [
              73.9925330024962,
              18.499013671244
            ],
            [
              73.9922444514204,
              18.4987018322238
            ],
            [
              73.9920081581501,
              18.498361024242
            ],
            [
              73.9919081877129,
              18.4979384220207
            ],
            [
              73.9915292718584,
              18.4965042335835
            ],
            [
              73.9919294881555,
              18.4944979657087
            ],
            [
              73.9919294881555,
              18.4941074566938
            ],
            [
              73.9917377841714,
              18.4938376501875
            ],
            [
              73.9914324769274,
              18.4937240478267
            ],
            [
              73.9896308093145,
              18.4929700984914
            ],
            [
              73.9890982973734,
              18.4918717916862
            ],
            [
              73.9894481315697,
              18.4913918006553
            ],
            [
              73.9895715147542,
              18.4906773315137
            ],
            [
              73.9896698595973,
              18.4894412936256
            ],
            [
              73.9893735717025,
              18.4888226825967
            ],
            [
              73.987980919544,
              18.488171387099
            ],
            [
              73.9877661509967,
              18.4880361031234
            ],
            [
              73.9875812853214,
              18.4875969337471
            ],
            [
              73.9873617686308,
              18.4866746879996
            ],
            [
              73.9872134469189,
              18.4863966779704
            ],
            [
              73.987064022307,
              18.4863064544523
            ],
            [
              73.9867357430323,
              18.4863494107271
            ],
            [
              73.9860692875237,
              18.4865246919014
            ],
            [
              73.9858163514447,
              18.4865054530816
            ],
            [
              73.9855644152071,
              18.4863163120513
            ],
            [
              73.9853782186519,
              18.4856585809075
            ],
            [
              73.985254484437,
              18.4852801885294
            ],
            [
              73.9850819913573,
              18.485033168327
            ],
            [
              73.9848724000919,
              18.4849748133564
            ],
            [
              73.9846381768228,
              18.4850250660974
            ],
            [
              73.984402637704,
              18.4852985146347
            ],
            [
              73.9839674110859,
              18.4858684966035
            ],
            [
              73.9837750710259,
              18.4859361423947
            ],
            [
              73.9835950641923,
              18.4859466226212
            ],
            [
              73.9833916044414,
              18.4858654062773
            ],
            [
              73.9832788916897,
              18.4856530443867
            ],
            [
              73.9831569848532,
              18.4849656102261
            ],
            [
              73.9825768211325,
              18.484466523508
            ],
            [
              73.9815949862346,
              18.4833547307487
            ],
            [
              73.9817237479411,
              18.4828804003266
            ],
            [
              73.9816370811879,
              18.4822396268621
            ],
            [
              73.9813513920635,
              18.4819455219135
            ],
            [
              73.9806570631727,
              18.4817014138718
            ],
            [
              73.9803517484204,
              18.4816024768421
            ],
            [
              73.9802032582053,
              18.4813555808733
            ],
            [
              73.9800806148992,
              18.4801612836503
            ],
            [
              73.9799227265549,
              18.4799189873493
            ],
            [
              73.9791941306038,
              18.4795126521604
            ],
            [
              73.9779877966035,
              18.4806507794218
            ],
            [
              73.9771392554375,
              18.4811902570374
            ],
            [
              73.976628116891,
              18.4814106997405
            ],
            [
              73.9764060621295,
              18.4814323924242
            ],
            [
              73.9758671421963,
              18.4812806764511
            ],
            [
              73.974232837713,
              18.4807510254585
            ],
            [
              73.9738314282172,
              18.4806744502874
            ],
            [
              73.9735314712576,
              18.480684271273
            ],
            [
              73.9732730548296,
              18.4807687178381
            ],
            [
              73.9730021663923,
              18.4809332213325
            ],
            [
              73.9718932496737,
              18.4818200164698
            ],
            [
              73.9714065724709,
              18.4819604534969
            ],
            [
              73.9709565996159,
              18.4819809018141
            ],
            [
              73.969995874103,
              18.4818415432375
            ],
            [
              73.9674966041643,
              18.4813361024954
            ],
            [
              73.9668223348018,
              18.4812519439108
            ],
            [
              73.9663066315306,
              18.4812938416141
            ],
            [
              73.965949654113,
              18.481434972291
            ],
            [
              73.9656014583168,
              18.4816745152717
            ],
            [
              73.9623942509029,
              18.4854997009863
            ],
            [
              73.9622493106666,
              18.4858501637013
            ],
            [
              73.9622378937351,
              18.4861899127139
            ],
            [
              73.962394900565,
              18.4865752960793
            ],
            [
              73.9631440142191,
              18.4882426854321
            ],
            [
              73.9633855873678,
              18.488592761834
            ],
            [
              73.9637401079453,
              18.4888629745329
            ],
            [
              73.9642631649958,
              18.4891609349423
            ],
            [
              73.9646616425429,
              18.489478245077
            ],
            [
              73.9659209686089,
              18.4909048227424
            ],
            [
              73.9660226669708,
              18.4911378810534
            ],
            [
              73.9660207892975,
              18.4914508543998
            ],
            [
              73.9658315760747,
              18.4917449202607
            ],
            [
              73.9653797815543,
              18.4920643782374
            ],
            [
              73.9647209387665,
              18.4925257810002
            ],
            [
              73.9612996725024,
              18.4925785794063
            ],
            [
              73.9590628170913,
              18.4929146304591
            ],
            [
              73.9588072143816,
              18.4930282315677
            ],
            [
              73.9568258244524,
              18.4931919792265
            ],
            [
              73.957129425666,
              18.4947874241302
            ],
            [
              73.9578980751205,
              18.4978614679106
            ],
            [
              73.957129425442,
              18.4947874239101
            ],
            [
              73.9568258240992,
              18.4931919793166
            ],
            [
              73.9533312114216,
              18.4935358921722
            ],
            [
              73.9513453839762,
              18.4935802684218
            ],
            [
              73.9499697267319,
              18.4936801146471
            ],
            [
              73.949082205329,
              18.491161775206
            ],
            [
              73.9480686192192,
              18.4881380269059
            ],
            [
              73.9478281788138,
              18.4871640788015
            ],
            [
              73.9458614191727,
              18.4846114486114
            ],
            [
              73.9452281051979,
              18.4837580448939
            ],
            [
              73.9450214913327,
              18.4827923521593
            ],
            [
              73.9442629736968,
              18.4801108697294
            ],
            [
              73.9442120626586,
              18.4799186631374
            ],
            [
              73.94372219357172,
              18.48027474357251
            ],
            [
              73.9442120626125,
              18.479918662777
            ],
            [
              73.9432020066263,
              18.4756192097544
            ],
            [
              73.9418476143322,
              18.4718213032792
            ],
            [
              73.941102441377,
              18.4689542776522
            ],
            [
              73.9405266049741,
              18.4673796755843
            ],
            [
              73.9402461770763,
              18.4668630437674
            ],
            [
              73.9396358320918,
              18.4664405946299
            ],
            [
              73.939143019211,
              18.4662457790653
            ],
            [
              73.9381462611105,
              18.4661790878162
            ],
            [
              73.938334499793,
              18.4642993942842
            ],
            [
              73.9388493659931,
              18.4619288337674
            ],
            [
              73.9388187255181,
              18.4599371526064
            ],
            [
              73.9385300550965,
              18.458066790231
            ],
            [
              73.9368285885066,
              18.4581527409986
            ],
            [
              73.9357281883998,
              18.4581192859739
            ],
            [
              73.9356439359626,
              18.458124669895
            ],
            [
              73.9356991475307,
              18.4562855593506
            ],
            [
              73.9347175756021,
              18.455961580831
            ],
            [
              73.9362201753967,
              18.4506465181585
            ],
            [
              73.9367943630468,
              18.4465292179916
            ],
            [
              73.9394559173296,
              18.4465790354114
            ],
            [
              73.940759986912,
              18.4463352486403
            ],
            [
              73.9418191616649,
              18.4464082048293
            ],
            [
              73.942790662555,
              18.4464583190291
            ],
            [
              73.9429623658108,
              18.4464551450037
            ],
            [
              73.9434873993048,
              18.4464454386828
            ],
            [
              73.9439850050395,
              18.4464084284235
            ],
            [
              73.9445253019551,
              18.4462827078472
            ],
            [
              73.9449497598932,
              18.4461062793276
            ],
            [
              73.9448074605284,
              18.4450200284073
            ],
            [
              73.944912126734,
              18.4443571356967
            ],
            [
              73.9446869204726,
              18.4437884372132
            ],
            [
              73.9446758364065,
              18.4437197098215
            ],
            [
              73.9450791977062,
              18.4436607173859
            ],
            [
              73.9452148284894,
              18.4434994436498
            ],
            [
              73.9453059110379,
              18.4429635829667
            ],
            [
              73.945296896678,
              18.4425221473014
            ],
            [
              73.9451298162845,
              18.4423884669405
            ],
            [
              73.9450822243779,
              18.4422058377106
            ],
            [
              73.9451694197869,
              18.4420382606503
            ],
            [
              73.9452825789194,
              18.4419137372969
            ],
            [
              73.9452925870806,
              18.4413097089503
            ],
            [
              73.9462845525353,
              18.4408794208367
            ],
            [
              73.9462740709698,
              18.4406782253575
            ],
            [
              73.9470528177309,
              18.4398119979364
            ],
            [
              73.9476029631581,
              18.4387524405237
            ],
            [
              73.9476057521028,
              18.4382943081528
            ],
            [
              73.9479361833845,
              18.4378659283692
            ],
            [
              73.9479961827105,
              18.4376260122966
            ],
            [
              73.9479039159854,
              18.4373964273308
            ],
            [
              73.9474829209627,
              18.4373158724477
            ],
            [
              73.9473897026367,
              18.4372427223922
            ],
            [
              73.9473916075055,
              18.4369298521404
            ],
            [
              73.9475451662933,
              18.4367072168892
            ],
            [
              73.9478976143739,
              18.436508032591
            ],
            [
              73.9481053164655,
              18.4360454491456
            ],
            [
              73.9489578336483,
              18.4357837754711
            ],
            [
              73.9493677725515,
              18.4354099167367
            ],
            [
              73.9499071956124,
              18.4352676355142
            ],
            [
              73.950161483429,
              18.4348444166308
            ],
            [
              73.9520830244266,
              18.4340666104534
            ],
            [
              73.953087123707,
              18.433458325221
            ],
            [
              73.9559670989441,
              18.4346063548976
            ],
            [
              73.9597405853911,
              18.4350979460171
            ],
            [
              73.9610388024403,
              18.4352010857448
            ],
            [
              73.9616888810515,
              18.4350911531459
            ],
            [
              73.9620823352184,
              18.4350671147798
            ],
            [
              73.9621568168035,
              18.434849273101
            ],
            [
              73.9613923451224,
              18.4342078027028
            ],
            [
              73.9594048418245,
              18.4331318601207
            ],
            [
              73.9581609456492,
              18.4316060211624
            ],
            [
              73.9585496267195,
              18.4258223594179
            ],
            [
              73.9579363423049,
              18.4230368367756
            ],
            [
              73.955885562023,
              18.4220702079673
            ],
            [
              73.9546028988689,
              18.4195041766753
            ],
            [
              73.954458625863,
              18.4191629133059
            ],
            [
              73.9525598140452,
              18.4140454147997
            ],
            [
              73.9521816584598,
              18.4130606617338
            ],
            [
              73.9486683802014,
              18.4137110401576
            ],
            [
              73.9484092205287,
              18.4139777904888
            ],
            [
              73.9441949777155,
              18.4119912251847
            ],
            [
              73.942190480795,
              18.4122594351888
            ],
            [
              73.9416871767246,
              18.4123090129223
            ],
            [
              73.9398085643836,
              18.4116470454559
            ],
            [
              73.9389321580657,
              18.4111985695653
            ],
            [
              73.9385820519144,
              18.4109448506034
            ],
            [
              73.9371477649276,
              18.4113564396735
            ],
            [
              73.9360283290888,
              18.4116259163432
            ],
            [
              73.9353627806935,
              18.4116102000875
            ],
            [
              73.9347726598962,
              18.4115829149813
            ],
            [
              73.9348540819857,
              18.4126383816409
            ],
            [
              73.9342640316535,
              18.4125991067239
            ],
            [
              73.9332055318477,
              18.4131686268867
            ],
            [
              73.9326131891086,
              18.4135009854169
            ],
            [
              73.9317837003964,
              18.413592233242
            ],
            [
              73.9308561091435,
              18.4132992865087
            ],
            [
              73.929126302919,
              18.4127500518745
            ],
            [
              73.9277842012012,
              18.4124667423995
            ],
            [
              73.9265537969648,
              18.4123998512816
            ],
            [
              73.9262133677891,
              18.4126137252408
            ],
            [
              73.9250227247031,
              18.4122113652153
            ],
            [
              73.9239058762542,
              18.4120611785725
            ],
            [
              73.9228095689637,
              18.4106283100678
            ],
            [
              73.9215830639284,
              18.4099379973068
            ],
            [
              73.9205518760959,
              18.4083893452322
            ],
            [
              73.9191257562095,
              18.407238565764
            ],
            [
              73.9190030892607,
              18.4067703084291
            ],
            [
              73.9176834742485,
              18.4069186515196
            ],
            [
              73.9145440027845,
              18.4068767706326
            ],
            [
              73.9135151853881,
              18.406715039128
            ],
            [
              73.9110750006977,
              18.4073124963917
            ],
            [
              73.9099366617611,
              18.4085887596264
            ],
            [
              73.9043977256753,
              18.4086528173057
            ],
            [
              73.9038300099533,
              18.4090571584508
            ],
            [
              73.9028610992149,
              18.4093512829494
            ],
            [
              73.9000052900411,
              18.409803448424
            ],
            [
              73.8985798542408,
              18.4097421152669
            ],
            [
              73.8972507552403,
              18.4097762786026
            ],
            [
              73.8948191922625,
              18.4100314734985
            ],
            [
              73.8929091053429,
              18.4097316577136
            ],
            [
              73.89163629224842,
              18.40930462793296
            ],
            [
              73.8900601377651,
              18.4057835501708
            ],
            [
              73.8857528024499,
              18.4010330163606
            ],
            [
              73.8832537888314,
              18.4010781794145
            ],
            [
              73.8769686195062,
              18.3951919493491
            ],
            [
              73.8758874203683,
              18.3963800338117
            ],
            [
              73.8745433727785,
              18.3968039634323
            ],
            [
              73.872857291431,
              18.397382048543
            ],
            [
              73.8719901633154,
              18.4005422464277
            ],
            [
              73.8693367531888,
              18.4004433084122
            ],
            [
              73.8659714559181,
              18.3991662836971
            ],
            [
              73.85988199256,
              18.4008674187967
            ],
            [
              73.8572992394684,
              18.4012084929777
            ],
            [
              73.8512742475797,
              18.4020004403478
            ],
            [
              73.8511234687571,
              18.4018878323331
            ],
            [
              73.8472138013759,
              18.3992415551537
            ],
            [
              73.8426297680495,
              18.397209224926
            ],
            [
              73.8372704381803,
              18.3948306458178
            ],
            [
              73.831977441406,
              18.3930697633589
            ],
            [
              73.8307660411199,
              18.3903411717078
            ],
            [
              73.8290253880114,
              18.3902470828367
            ],
            [
              73.8235833618828,
              18.3920085480561
            ],
            [
              73.8207209493125,
              18.3891881545098
            ],
            [
              73.8169874902806,
              18.3893443064946
            ]
          ],
          [
            [
              73.9476461878849,
              18.6199976259455
            ],
            [
              73.94746425918983,
              18.619533792671685
            ],
            [
              73.9476461881426,
              18.6199976259856
            ],
            [
              73.9476783063792,
              18.6205991826054
            ],
            [
              73.9476461878849,
              18.6199976259455
            ]
          ],
          [
            [
              73.9695477555245,
              18.5427849594585
            ],
            [
              73.96900740121607,
              18.542928370171836
            ],
            [
              73.9695477546254,
              18.5427849585591
            ],
            [
              73.9704240516937,
              18.5424803331018
            ],
            [
              73.9695477555245,
              18.5427849594585
            ]
          ],
          [
            [
              73.87961456680338,
              18.552902513102502
            ],
            [
              73.8797314058025,
              18.5532894465697
            ],
            [
              73.8796145665809,
              18.552902513074216
            ],
            [
              73.87961456680338,
              18.552902513102502
            ]
          ],
          [
            [
              73.8775180613383,
              18.5434476393216
            ],
            [
              73.8773912880071,
              18.5437677068963
            ],
            [
              73.8772195472682,
              18.5442013025141
            ],
            [
              73.8775180613383,
              18.5434476393216
            ]
          ],
          [
            [
              73.8633057941153,
              18.5357539695508
            ],
            [
              73.86302816813696,
              18.535326534748755
            ],
            [
              73.8633057943271,
              18.53575396977
            ],
            [
              73.86348358314676,
              18.53597058622803
            ],
            [
              73.8633057941153,
              18.5357539695508
            ]
          ],
          [
            [
              73.860474421837,
              18.5317098058076
            ],
            [
              73.8605125117431,
              18.5304655253637
            ],
            [
              73.86061254550948,
              18.52855238057817
            ],
            [
              73.8606111260183,
              18.5285795331206
            ],
            [
              73.8605125117431,
              18.5304655262631
            ],
            [
              73.8604744218572,
              18.5317098057629
            ],
            [
              73.86062165696114,
              18.531843018594273
            ],
            [
              73.860474421837,
              18.5317098058076
            ]
          ],
          [
            [
              73.857837056535,
              18.5250683978883
            ],
            [
              73.85692573389446,
              18.524231346840978
            ],
            [
              73.8578370568391,
              18.525068397845
            ],
            [
              73.8587663174824,
              18.526118404601192
            ],
            [
              73.857837056535,
              18.5250683978883
            ]
          ],
          [
            [
              73.8485985756639,
              18.5205793176816
            ],
            [
              73.84764789704144,
              18.519658887515686
            ],
            [
              73.8485985759323,
              18.520579317403
            ],
            [
              73.84906710763097,
              18.520820823202804
            ],
            [
              73.8485985756639,
              18.5205793176816
            ]
          ],
          [
            [
              73.8457606201566,
              18.517685025044
            ],
            [
              73.84504504527513,
              18.516320418550904
            ],
            [
              73.8457606211976,
              18.5176850246626
            ],
            [
              73.84599295309127,
              18.518003220063044
            ],
            [
              73.8457606201566,
              18.517685025044
            ]
          ],
          [
            [
              73.8445408085115,
              18.5155846655999
            ],
            [
              73.84421493613122,
              18.51513582219042
            ],
            [
              73.8445408096356,
              18.5155846659906
            ],
            [
              73.84474650365415,
              18.51582200553166
            ],
            [
              73.8445408085115,
              18.5155846655999
            ]
          ],
          [
            [
              73.84400731150491,
              18.51490120131775
            ],
            [
              73.8442119676205,
              18.5151317334946
            ],
            [
              73.84421196776619,
              18.515131733695263
            ],
            [
              73.84400731150491,
              18.51490120131775
            ]
          ],
          [
            [
              73.8429369082774,
              18.5137390887518
            ],
            [
              73.84267285269341,
              18.513500587313303
            ],
            [
              73.8429369082511,
              18.5137390885631
            ],
            [
              73.8429980399576,
              18.51379430506638
            ],
            [
              73.8429369082774,
              18.5137390887518
            ]
          ],
          [
            [
              73.8400847882825,
              18.5103918559994
            ],
            [
              73.83944308740512,
              18.509637424365284
            ],
            [
              73.8400847887443,
              18.5103918560624
            ],
            [
              73.84054171421403,
              18.51115193469686
            ],
            [
              73.8400847882825,
              18.5103918559994
            ]
          ],
          [
            [
              73.8378065591255,
              18.5081039330501
            ],
            [
              73.83753682396681,
              18.507858652854885
            ],
            [
              73.8378065595941,
              18.50810393289
            ],
            [
              73.83922845637356,
              18.50941985009931
            ],
            [
              73.8378065591255,
              18.5081039330501
            ]
          ],
          [
            [
              73.8365990016427,
              18.5063523145078
            ],
            [
              73.836449317582,
              18.5059226508097
            ],
            [
              73.83644931758344,
              18.505922650727516
            ],
            [
              73.8365990020768,
              18.5063523146916
            ],
            [
              73.83695460664892,
              18.5070835589628
            ],
            [
              73.8365990016427,
              18.5063523145078
            ]
          ],
          [
            [
              73.8364687060661,
              18.5048271623438
            ],
            [
              73.83679370309642,
              18.50181615950684
            ],
            [
              73.8364687064594,
              18.5048271626674
            ],
            [
              73.836452793676,
              18.50572624448563
            ],
            [
              73.8364687060661,
              18.5048271623438
            ]
          ],
          [
            [
              73.8362845087232,
              18.4996502518576
            ],
            [
              73.8357900848446,
              18.4985741518757
            ],
            [
              73.83578815154834,
              18.498572383115214
            ],
            [
              73.8357900850059,
              18.4985741519989
            ],
            [
              73.8362845087136,
              18.4996502514234
            ],
            [
              73.83641390022197,
              18.500048379025248
            ],
            [
              73.8362845087232,
              18.4996502518576
            ]
          ],
          [
            [
              73.8455870078342,
              18.501231813997
            ],
            [
              73.84558700798144,
              18.501231813994266
            ],
            [
              73.84548057491428,
              18.501860958401043
            ],
            [
              73.8455870078342,
              18.501231813997
            ]
          ],
          [
            [
              73.8470364621086,
              18.5012476795843
            ],
            [
              73.8471129706722,
              18.501228788624108
            ],
            [
              73.8470364620018,
              18.5012476796667
            ],
            [
              73.84682083669892,
              18.5012442844965
            ],
            [
              73.8470364621086,
              18.5012476795843
            ]
          ],
          [
            [
              73.8488236470908,
              18.5007093892385
            ],
            [
              73.84902989048821,
              18.50058965152647
            ],
            [
              73.8488236471061,
              18.5007093894973
            ],
            [
              73.84857455788607,
              18.500806993280566
            ],
            [
              73.8488236470908,
              18.5007093892385
            ]
          ],
          [
            [
              73.8499959411869,
              18.499981710221
            ],
            [
              73.85041843264656,
              18.499590832379283
            ],
            [
              73.849995941162,
              18.4999817105109
            ],
            [
              73.8498401232638,
              18.50008647297166
            ],
            [
              73.8499959411869,
              18.499981710221
            ]
          ],
          [
            [
              73.8498659767335,
              18.4983591779338
            ],
            [
              73.84968448610375,
              18.498167491321492
            ],
            [
              73.8498659771065,
              18.4983591782326
            ],
            [
              73.84993925729874,
              18.498489574609742
            ],
            [
              73.8498659767335,
              18.4983591779338
            ]
          ],
          [
            [
              73.8494206612347,
              18.4973600895966
            ],
            [
              73.84924815215157,
              18.49667941133272
            ],
            [
              73.8494206613931,
              18.4973600897243
            ],
            [
              73.84943783630332,
              18.497519944807834
            ],
            [
              73.8494206612347,
              18.4973600895966
            ]
          ],
          [
            [
              73.8475748288153,
              18.4969349081196
            ],
            [
              73.84742512988548,
              18.496926077326616
            ],
            [
              73.8475748286135,
              18.4969349078581
            ],
            [
              73.8490272094047,
              18.4961183611771
            ],
            [
              73.84902720955169,
              18.496118361521777
            ],
            [
              73.8475748288153,
              18.4969349081196
            ]
          ],
          [
            [
              73.8460421313393,
              18.4955762285601
            ],
            [
              73.8452012229582,
              18.4955106374063
            ],
            [
              73.84520115931856,
              18.49551055062481
            ],
            [
              73.8452012229582,
              18.4955106374061
            ],
            [
              73.8460421317891,
              18.4955762285601
            ],
            [
              73.84604213182989,
              18.495576228395052
            ],
            [
              73.84610466752058,
              18.49561922195501
            ],
            [
              73.8460421313393,
              18.4955762285601
            ]
          ],
          [
            [
              73.8463251019605,
              18.4944309149984
            ],
            [
              73.84638649189505,
              18.49430890274224
            ],
            [
              73.8463251019763,
              18.4944309150592
            ],
            [
              73.84626850167511,
              18.494660003011937
            ],
            [
              73.8463251019605,
              18.4944309149984
            ]
          ],
          [
            [
              73.8497444126364,
              18.4926509627932
            ],
            [
              73.85047281858549,
              18.49266263563685
            ],
            [
              73.8497444126543,
              18.4926509630737
            ],
            [
              73.84869064983789,
              18.492669559908126
            ],
            [
              73.8497444126364,
              18.4926509627932
            ]
          ],
          [
            [
              73.857493436297,
              18.490353179059
            ],
            [
              73.8574202308963,
              18.4896943372053
            ],
            [
              73.85742514633137,
              18.489463787505752
            ],
            [
              73.8574202312514,
              18.4896943370177
            ],
            [
              73.857493436335,
              18.4903531791575
            ],
            [
              73.85785052737809,
              18.49556477968499
            ],
            [
              73.8576392941222,
              18.4924819390253
            ],
            [
              73.85763929369301,
              18.492481939036892
            ],
            [
              73.857493436297,
              18.490353179059
            ]
          ],
          [
            [
              73.8578594602152,
              18.4964605410859
            ],
            [
              73.85839931876325,
              18.500546738904234
            ],
            [
              73.8583993185988,
              18.5005467389152
            ],
            [
              73.8578594599842,
              18.4964605412504
            ],
            [
              73.8578701339964,
              18.496225712257218
            ],
            [
              73.8578594602152,
              18.4964605410859
            ]
          ],
          [
            [
              73.8619295842905,
              18.500021642281
            ],
            [
              73.86317438270858,
              18.499984321476962
            ],
            [
              73.8619295842977,
              18.5000216423767
            ],
            [
              73.86118977802107,
              18.500211605870003
            ],
            [
              73.8619295842905,
              18.500021642281
            ]
          ],
          [
            [
              73.8652114963986,
              18.5000924530853
            ],
            [
              73.8665205890551,
              18.50046964948
            ],
            [
              73.8679739043859,
              18.5011907601587
            ],
            [
              73.8691942445986,
              18.5015235799368
            ],
            [
              73.86932025116192,
              18.500233338574542
            ],
            [
              73.8691942452683,
              18.5015235801492
            ],
            [
              73.8690535922481,
              18.5014852205914
            ],
            [
              73.86889793118532,
              18.502464168107508
            ],
            [
              73.8690535918825,
              18.5014852203486
            ],
            [
              73.8679739043994,
              18.5011907603717
            ],
            [
              73.8665205889561,
              18.5004696496048
            ],
            [
              73.8652114963835,
              18.500092453166
            ],
            [
              73.8648141885293,
              18.50004132155905
            ],
            [
              73.8652114963986,
              18.5000924530853
            ]
          ],
          [
            [
              73.8691880942185,
              18.4929726971743
            ],
            [
              73.8736410880759,
              18.4940413064438
            ],
            [
              73.86918809422279,
              18.49297269737761
            ],
            [
              73.8691880942185,
              18.4929726971743
            ]
          ],
          [
            [
              73.8749984526976,
              18.4948515773059
            ],
            [
              73.8756522283093,
              18.4953718204142
            ],
            [
              73.8749984526976,
              18.4948515773061
            ],
            [
              73.8743143648164,
              18.4945340074606
            ],
            [
              73.8749984526976,
              18.4948515773059
            ]
          ],
          [
            [
              73.8774684644981,
              18.4970749784276
            ],
            [
              73.8772491486293,
              18.4966582775575
            ],
            [
              73.8770298318614,
              18.4957810131833
            ],
            [
              73.8770517636282,
              18.4949037479097
            ],
            [
              73.8772710794968,
              18.4935110901647
            ],
            [
              73.8775342588991,
              18.4913179278802
            ],
            [
              73.8773452088144,
              18.4886659566687
            ],
            [
              73.8785803979671,
              18.4884554127872
            ],
            [
              73.8790295571685,
              18.4887501736816
            ],
            [
              73.8797243508982,
              18.4892835507953
            ],
            [
              73.8802436922927,
              18.4895362027336
            ],
            [
              73.8808402323909,
              18.4897116559683
            ],
            [
              73.8816122248244,
              18.4898590368651
            ],
            [
              73.8828684680055,
              18.489901144922
            ],
            [
              73.8833527187531,
              18.490245033082
            ],
            [
              73.8836474796476,
              18.4898028912905
            ],
            [
              73.8840124218358,
              18.4896555112929
            ],
            [
              73.8844865830894,
              18.489585329999
            ],
            [
              73.8885882353588,
              18.4899993985534
            ],
            [
              73.8892339027225,
              18.4872412785622
            ],
            [
              73.88961288063,
              18.4861464519973
            ],
            [
              73.8896805357282,
              18.4847282301238
            ],
            [
              73.8902015606537,
              18.4839422010719
            ],
            [
              73.8902105439815,
              18.4832190535165
            ],
            [
              73.8904739157513,
              18.4829729461316
            ],
            [
              73.890960359187,
              18.4826865186863
            ],
            [
              73.89112278952533,
              18.48243188434343
            ],
            [
              73.8909603593979,
              18.4826865188301
            ],
            [
              73.8922811692123,
              18.4826441294549
            ],
            [
              73.892887535431,
              18.4825003980788
            ],
            [
              73.8927710343559,
              18.4874026951783
            ],
            [
              73.8928018352367,
              18.4877287956476
            ],
            [
              73.8929056277926,
              18.4879757189045
            ],
            [
              73.8931180440626,
              18.4881398667616
            ],
            [
              73.89348312025,
              18.488185860789
            ],
            [
              73.8948111958801,
              18.4882059831197
            ],
            [
              73.8949664251605,
              18.4884072064277
            ],
            [
              73.8950497896162,
              18.4886314271988
            ],
            [
              73.8951219907874,
              18.489012753236
            ],
            [
              73.8957425733612,
              18.4896749150653
            ],
            [
              73.8958047803664,
              18.4897606933016
            ],
            [
              73.8958231777976,
              18.490719206926
            ],
            [
              73.8962427573974,
              18.4910806048861
            ],
            [
              73.8964123596427,
              18.4913910634469
            ],
            [
              73.8964236911004,
              18.4917484081626
            ],
            [
              73.8966784420566,
              18.4922651280334
            ],
            [
              73.8971455679137,
              18.4926154733255
            ],
            [
              73.89734319843,
              18.492898444108
            ],
            [
              73.8971186188293,
              18.4934733681015
            ],
            [
              73.8968491225891,
              18.4939719351567
            ],
            [
              73.8964927599331,
              18.4939264978097
            ],
            [
              73.8962741985955,
              18.4940123596827
            ],
            [
              73.8962247907415,
              18.4941426156892
            ],
            [
              73.8962450030045,
              18.4950945534709
            ],
            [
              73.8959712961384,
              18.4961683251083
            ],
            [
              73.8965813602417,
              18.4967203177389
            ],
            [
              73.8981052335698,
              18.4978736510483
            ],
            [
              73.8983936776262,
              18.498195377215
            ],
            [
              73.8983271134057,
              18.4985947616393
            ],
            [
              73.8985268060674,
              18.4990052400999
            ],
            [
              73.8987902885411,
              18.4993470742085
            ],
            [
              73.8987556196762,
              18.5000231152746
            ],
            [
              73.8987729541086,
              18.5007164907735
            ],
            [
              73.898998300831,
              18.5014445351373
            ],
            [
              73.8990503041284,
              18.5024499295207
            ],
            [
              73.8996916763299,
              18.5032819804791
            ],
            [
              73.8996743418975,
              18.5043047092949
            ],
            [
              73.9039406825166,
              18.5041750477404
            ],
            [
              73.9038093293373,
              18.5049707103302
            ],
            [
              73.9035821237162,
              18.50537541964
            ],
            [
              73.9031987148489,
              18.5056381259987
            ],
            [
              73.902454085188,
              18.5065713542846
            ],
            [
              73.899514172641,
              18.5065269781376
            ],
            [
              73.899535029718,
              18.5070652592544
            ],
            [
              73.8996557322264,
              18.5072995650229
            ],
            [
              73.8999255387328,
              18.5074344678266
            ],
            [
              73.9001030424215,
              18.5075977721197
            ],
            [
              73.9001101425692,
              18.5078107765462
            ],
            [
              73.8999610394704,
              18.5081657848232
            ],
            [
              73.8999900075328,
              18.5090260412189
            ],
            [
              73.900162683661,
              18.5092532468402
            ],
            [
              73.9002353893519,
              18.5095213491311
            ],
            [
              73.9001953443398,
              18.5097278217816
            ],
            [
              73.9000462412412,
              18.5100615296162
            ],
            [
              73.9000249407986,
              18.5103952374503
            ],
            [
              73.9002592461589,
              18.5109277493436
            ],
            [
              73.9003302482444,
              18.5128873956633
            ],
            [
              73.899885493736,
              18.5136655737244
            ],
            [
              73.8995628620698,
              18.5142290428071
            ],
            [
              73.899272039266,
              18.5142926601137
            ],
            [
              73.8981996300466,
              18.5153559806171
            ],
            [
              73.8980678506475,
              18.5156286270333
            ],
            [
              73.898004233497,
              18.5159285385009
            ],
            [
              73.8980133217427,
              18.516246625857
            ],
            [
              73.898149644931,
              18.5164738317843
            ],
            [
              73.8982950559774,
              18.5166783157192
            ],
            [
              73.8983723062852,
              18.5169464180117
            ],
            [
              73.8983495859013,
              18.5182823815215
            ],
            [
              73.8983915967552,
              18.5186229153218
            ],
            [
              73.8987902876741,
              18.5187789241961
            ],
            [
              73.8993796585624,
              18.5187442564644
            ],
            [
              73.9004197204875,
              18.520148340836
            ],
            [
              73.9006103984416,
              18.5212404085624
            ],
            [
              73.9004370551298,
              18.5215870962822
            ],
            [
              73.9004370550624,
              18.5222978052757
            ],
            [
              73.9009397528753,
              18.5230258525369
            ],
            [
              73.898616945116,
              18.5261980426056
            ],
            [
              73.8983097837584,
              18.5264044424896
            ],
            [
              73.8979915961352,
              18.5266154413496
            ],
            [
              73.8970712722215,
              18.5272297313671
            ],
            [
              73.8969505688138,
              18.5265197139137
            ],
            [
              73.8940753346092,
              18.5280008199819
            ],
            [
              73.8870445058993,
              18.531233336849
            ],
            [
              73.88680043799,
              18.5297134574102
            ],
            [
              73.8854411999514,
              18.530020095651
            ],
            [
              73.885689705869,
              18.5314898266729
            ],
            [
              73.8835028551727,
              18.5313833275786
            ],
            [
              73.8816213106751,
              18.5309644179736
            ],
            [
              73.8795049855668,
              18.5302189087758
            ],
            [
              73.8792490146804,
              18.5303810479971
            ],
            [
              73.879066191052,
              18.5264808101414
            ],
            [
              73.8785786613761,
              18.5246119460845
            ],
            [
              73.8804678384201,
              18.5240973315268
            ],
            [
              73.8787547135593,
              18.520820049106
            ],
            [
              73.8772650396499,
              18.5215851994974
            ],
            [
              73.8766835586994,
              18.5196431216328
            ],
            [
              73.8765151323057,
              18.5191646313325
            ],
            [
              73.8724568341907,
              18.5204347567206
            ],
            [
              73.87227262167386,
              18.520300595197668
            ],
            [
              73.8724568343371,
              18.5204347565052
            ],
            [
              73.8765151326544,
              18.5191646311497
            ],
            [
              73.8762159253574,
              18.518408972954
            ],
            [
              73.8754867818829,
              18.5183195546389
            ],
            [
              73.8744302042313,
              18.5183092455939
            ],
            [
              73.8743487027022,
              18.5180760961496
            ],
            [
              73.8738787425279,
              18.5177317268581
            ],
            [
              73.8734119639093,
              18.5176942941741
            ],
            [
              73.8729838748603,
              18.5172957189283
            ],
            [
              73.8734723112125,
              18.5164026247352
            ],
            [
              73.873475259944,
              18.5159521647221
            ],
            [
              73.8732761014548,
              18.5154608981606
            ],
            [
              73.8732210979633,
              18.5151437510245
            ],
            [
              73.8733069716402,
              18.5147086359742
            ],
            [
              73.8736699268505,
              18.513958351824
            ],
            [
              73.8747788595501,
              18.5126036188785
            ],
            [
              73.874946777618,
              18.5123175000336
            ],
            [
              73.8750745758992,
              18.5118182791661
            ],
            [
              73.8755659297097,
              18.5110918039865
            ],
            [
              73.8760690402091,
              18.510507409143
            ],
            [
              73.8761724200182,
              18.5101710929575
            ],
            [
              73.8765497509939,
              18.5095004016607
            ],
            [
              73.8770243163592,
              18.5088380215558
            ],
            [
              73.8767435071566,
              18.5076588484407
            ],
            [
              73.8765384791676,
              18.5071260543241
            ],
            [
              73.8763609754786,
              18.5067266698999
            ],
            [
              73.8759172149076,
              18.5069041744882
            ],
            [
              73.8757430207239,
              18.5064795236113
            ],
            [
              73.8748122511846,
              18.5067386515675
            ],
            [
              73.8744856434977,
              18.5057659286548
            ],
            [
              73.8732289146827,
              18.50537541964
            ],
            [
              73.8734321569686,
              18.5043747404022
            ],
            [
              73.8745859340937,
              18.5030434586888
            ],
            [
              73.8747767504468,
              18.501896340594
            ],
            [
              73.8747414871301,
              18.5005827220153
            ],
            [
              73.8738642218565,
              18.5005195590306
            ],
            [
              73.8733238273329,
              18.500252871373
            ],
            [
              73.8741168737948,
              18.4997405482877
            ],
            [
              73.8753452865558,
              18.4986967150814
            ],
            [
              73.8770427778294,
              18.4974001326295
            ],
            [
              73.8774684644981,
              18.4970749784276
            ]
          ],
          [
            [
              73.9062521442871,
              18.5151741709957
            ],
            [
              73.9067563636154,
              18.5154572235721
            ],
            [
              73.9062521442153,
              18.5151741711235
            ],
            [
              73.9009397528753,
              18.5230258525369
            ],
            [
              73.9062521442871,
              18.5151741709957
            ]
          ],
          [
            [
              73.874028622745,
              18.5109213193848
            ],
            [
              73.8719960521066,
              18.5106958912038
            ],
            [
              73.87184827581447,
              18.51131832237722
            ],
            [
              73.8719960521498,
              18.5106958907862
            ],
            [
              73.8755659297097,
              18.5110918039865
            ],
            [
              73.874028622745,
              18.5109213193848
            ]
          ],
          [
            [
              73.8900311304941,
              18.4772728005627
            ],
            [
              73.8888930240192,
              18.477460160134793
            ],
            [
              73.8900311305868,
              18.4772728002788
            ],
            [
              73.89031823778251,
              18.47777115976253
            ],
            [
              73.8900311304941,
              18.4772728005627
            ]
          ],
          [
            [
              73.8871732070817,
              18.4787401428148
            ],
            [
              73.88703572825915,
              18.478742597844036
            ],
            [
              73.8871732054872,
              18.4787401426642
            ],
            [
              73.88782005737009,
              18.47773993192435
            ],
            [
              73.8871732070817,
              18.4787401428148
            ]
          ],
          [
            [
              73.88699367439354,
              18.47799360752818
            ],
            [
              73.8869834910118,
              18.4782401795354
            ],
            [
              73.88696963497294,
              18.478575663659974
            ],
            [
              73.88699367439354,
              18.47799360752818
            ]
          ],
          [
            [
              73.8867334806641,
              18.4777645851441
            ],
            [
              73.88673509803877,
              18.476725891668686
            ],
            [
              73.8867350984578,
              18.4767258916426
            ],
            [
              73.8867334810041,
              18.4777645847773
            ],
            [
              73.8870030675701,
              18.4777661688971
            ],
            [
              73.88700306755487,
              18.47776616926592
            ],
            [
              73.8867334806641,
              18.4777645851441
            ]
          ],
          [
            [
              73.88558954718125,
              18.47668837658869
            ],
            [
              73.8857791459703,
              18.4766717339083
            ],
            [
              73.88577914602688,
              18.476671733931184
            ],
            [
              73.88558954718125,
              18.47668837658869
            ]
          ],
          [
            [
              73.8808907506921,
              18.4773995663998
            ],
            [
              73.88089074991699,
              18.47739956520731
            ],
            [
              73.8831710818462,
              18.47694821123592
            ],
            [
              73.8808907506921,
              18.4773995663998
            ]
          ],
          [
            [
              73.8797164557499,
              18.4755929554506
            ],
            [
              73.879551392383,
              18.4750254382735
            ],
            [
              73.8797164557499,
              18.4755929545512
            ],
            [
              73.88003886680285,
              18.47608897337376
            ],
            [
              73.8797164557499,
              18.4755929554506
            ]
          ],
          [
            [
              73.8798978391141,
              18.4735845804641
            ],
            [
              73.8797675829152,
              18.47329262693032
            ],
            [
              73.8798978391141,
              18.4735845795647
            ],
            [
              73.8799292803121,
              18.4740741641914
            ],
            [
              73.8798978391141,
              18.4735845804641
            ]
          ],
          [
            [
              73.8796373262018,
              18.4730006722433
            ],
            [
              73.879639695016,
              18.4718974765874
            ],
            [
              73.87963732620372,
              18.473000672247608
            ],
            [
              73.8796373262018,
              18.4730006722433
            ]
          ],
          [
            [
              73.87426459316359,
              18.472139969946923
            ],
            [
              73.8748537764008,
              18.4721803947984
            ],
            [
              73.8750059542944,
              18.4712744823588
            ],
            [
              73.87500595431715,
              18.471274482295907
            ],
            [
              73.8748537764807,
              18.4721803952091
            ],
            [
              73.87426459316359,
              18.472139969946923
            ]
          ],
          [
            [
              73.8762396084541,
              18.4678647992259
            ],
            [
              73.87627540618361,
              18.46772447112395
            ],
            [
              73.8762396083713,
              18.467864799621
            ],
            [
              73.87557298805199,
              18.469707264006846
            ],
            [
              73.8762396084541,
              18.4678647992259
            ]
          ],
          [
            [
              73.8764884783515,
              18.4668892222602
            ],
            [
              73.87672411822518,
              18.46628195970083
            ],
            [
              73.8764884784911,
              18.4668892221316
            ],
            [
              73.8816553078691,
              18.4670755379256
            ],
            [
              73.87648847831775,
              18.466889222392528
            ],
            [
              73.8764884783515,
              18.4668892222602
            ]
          ],
          [
            [
              73.877500645566,
              18.4648278336198
            ],
            [
              73.87750507739884,
              18.46475468464869
            ],
            [
              73.8775006458385,
              18.4648278334573
            ],
            [
              73.87695329201522,
              18.46575061331512
            ],
            [
              73.877500645566,
              18.4648278336198
            ]
          ],
          [
            [
              73.8776834748692,
              18.4620185744291
            ],
            [
              73.8776821070709,
              18.4607830783796
            ],
            [
              73.87468015949,
              18.4607497039125
            ],
            [
              73.87467409411448,
              18.459772868560968
            ],
            [
              73.8746801596533,
              18.4607497037317
            ],
            [
              73.8776821074153,
              18.4607830783311
            ],
            [
              73.8776834752337,
              18.4620185746291
            ],
            [
              73.8776000575866,
              18.463294138703212
            ],
            [
              73.8776834748692,
              18.4620185744291
            ]
          ],
          [
            [
              73.873492925681,
              18.4588424489575
            ],
            [
              73.8727202843518,
              18.458790646686
            ],
            [
              73.8725299801005,
              18.4585770699773
            ],
            [
              73.87229123251328,
              18.458565290394116
            ],
            [
              73.8725299800817,
              18.4585770695917
            ],
            [
              73.8727202846275,
              18.4587906463664
            ],
            [
              73.8734929259544,
              18.4588424486523
            ],
            [
              73.87447125405346,
              18.459215775948735
            ],
            [
              73.873492925681,
              18.4588424489575
            ]
          ],
          [
            [
              73.8719421154632,
              18.4586384870972
            ],
            [
              73.8705758133762,
              18.4585890444068
            ],
            [
              73.8696734497149,
              18.458496911938703
            ],
            [
              73.8705758137112,
              18.4585890440304
            ],
            [
              73.8719421150278,
              18.4586384869548
            ],
            [
              73.87202082009345,
              18.45860280358758
            ],
            [
              73.8719421154632,
              18.4586384870972
            ]
          ],
          [
            [
              73.8683806877943,
              18.4559879027944
            ],
            [
              73.86838068785012,
              18.45598790277546
            ],
            [
              73.86839563901671,
              18.456281899610374
            ],
            [
              73.8683806877943,
              18.4559879027944
            ]
          ],
          [
            [
              73.8689811770761,
              18.4557841350201
            ],
            [
              73.8689598205151,
              18.4540183854681
            ],
            [
              73.86868101541378,
              18.453971245020433
            ],
            [
              73.8689598207361,
              18.45401838546
            ],
            [
              73.8689811771135,
              18.4557841351499
            ],
            [
              73.86862884476561,
              18.455903694141135
            ],
            [
              73.8689811770761,
              18.4557841350201
            ]
          ],
          [
            [
              73.8683966198242,
              18.4535563407753
            ],
            [
              73.86816190814824,
              18.453521308457027
            ],
            [
              73.8683966198754,
              18.4535563406013
            ],
            [
              73.86840592271598,
              18.453700657834382
            ],
            [
              73.8683966198242,
              18.4535563407753
            ]
          ],
          [
            [
              73.8681335162105,
              18.4535170707667
            ],
            [
              73.86797382688142,
              18.453181374686473
            ],
            [
              73.86813351629054,
              18.45351707077865
            ],
            [
              73.8681335162105,
              18.4535170707667
            ]
          ],
          [
            [
              73.8678054869246,
              18.4523338423662
            ],
            [
              73.86759744726837,
              18.452295789571306
            ],
            [
              73.8678054869877,
              18.4523338421814
            ],
            [
              73.86781494895051,
              18.452640440923098
            ],
            [
              73.8678054869246,
              18.4523338423662
            ]
          ],
          [
            [
              73.8674503781145,
              18.4522688889676
            ],
            [
              73.86744067353035,
              18.452078014189578
            ],
            [
              73.86745037824788,
              18.452268888991995
            ],
            [
              73.8674503781145,
              18.4522688889676
            ]
          ],
          [
            [
              73.8658070388847,
              18.4516766803353
            ],
            [
              73.8656189461831,
              18.4517240908308
            ],
            [
              73.8658070390277,
              18.4516766802028
            ],
            [
              73.86670712593695,
              18.45170143908146
            ],
            [
              73.8658070388847,
              18.4516766803353
            ]
          ],
          [
            [
              73.8648483466078,
              18.451975294633
            ],
            [
              73.86418831641608,
              18.451321293503565
            ],
            [
              73.86484834671117,
              18.451975294594256
            ],
            [
              73.8648483466078,
              18.451975294633
            ]
          ],
          [
            [
              73.8630972631337,
              18.4491863863416
            ],
            [
              73.86309726451007,
              18.44918638450667
            ],
            [
              73.86309726331699,
              18.449186387214656
            ],
            [
              73.8630972631337,
              18.4491863863416
            ]
          ],
          [
            [
              73.86309726278574,
              18.449186388420426
            ],
            [
              73.86309726254385,
              18.449186388969444
            ],
            [
              73.8630972629962,
              18.4491863862669
            ],
            [
              73.86318296764406,
              18.4489918624028
            ],
            [
              73.8630972631337,
              18.4491863863416
            ],
            [
              73.86309726278574,
              18.449186388420426
            ]
          ],
          [
            [
              73.8637584743743,
              18.4459700930454
            ],
            [
              73.8639767614185,
              18.4454281390974
            ],
            [
              73.8640896677041,
              18.4450818902172
            ],
            [
              73.86409604912127,
              18.445027192620365
            ],
            [
              73.8640896677862,
              18.4450818900273
            ],
            [
              73.8639767614969,
              18.4454281390688
            ],
            [
              73.8637584746376,
              18.4459700928753
            ],
            [
              73.86371839015936,
              18.446097025993517
            ],
            [
              73.8637584743743,
              18.4459700930454
            ]
          ],
          [
            [
              73.864134830758,
              18.4440280889252
            ],
            [
              73.8640369783087,
              18.4438022738379
            ],
            [
              73.8649007810708,
              18.4429718819795
            ],
            [
              73.8651171682436,
              18.442811640835856
            ],
            [
              73.8649007815151,
              18.4429718819794
            ],
            [
              73.8640369783931,
              18.4438022740196
            ],
            [
              73.8641348310424,
              18.44402808924
            ],
            [
              73.86413798504576,
              18.444280425916656
            ],
            [
              73.864134830758,
              18.4440280889252
            ]
          ],
          [
            [
              73.865862902437,
              18.4425784263584
            ],
            [
              73.8662421895239,
              18.4420947147864
            ],
            [
              73.86729032816142,
              18.442044531711254
            ],
            [
              73.866242189212,
              18.4420947152142
            ],
            [
              73.8658629027839,
              18.4425784267319
            ],
            [
              73.86553604854484,
              18.44260667225137
            ],
            [
              73.865862902437,
              18.4425784263584
            ]
          ],
          [
            [
              73.8782923006694,
              18.4326302001255
            ],
            [
              73.8784993568426,
              18.4330198394446
            ],
            [
              73.8784993568426,
              18.43301983944469
            ],
            [
              73.8782923006694,
              18.4326302001255
            ]
          ],
          [
            [
              73.8812192102984,
              18.4251028529144
            ],
            [
              73.8817430681603,
              18.424201816618723
            ],
            [
              73.8812192107505,
              18.4251028531208
            ],
            [
              73.88078959641334,
              18.42632795884735
            ],
            [
              73.8812192102984,
              18.4251028529144
            ]
          ],
          [
            [
              73.8826772253737,
              18.4219482083434
            ],
            [
              73.8832145487125,
              18.4210928748365
            ],
            [
              73.88369900091324,
              18.420506789470142
            ],
            [
              73.8832145491865,
              18.4210928745547
            ],
            [
              73.8826772254998,
              18.4219482086996
            ],
            [
              73.88244907526733,
              18.422594746878158
            ],
            [
              73.8826772253737,
              18.4219482083434
            ]
          ],
          [
            [
              73.8892957769786,
              18.4118706276275
            ],
            [
              73.88932568556093,
              18.41183783766417
            ],
            [
              73.8892957772713,
              18.4118706273133
            ],
            [
              73.88870764522872,
              18.413644071905292
            ],
            [
              73.8892957769786,
              18.4118706276275
            ]
          ],
          [
            [
              73.86309726247839,
              18.44918638936056
            ],
            [
              73.86309726256184,
              18.449186389758083
            ],
            [
              73.86291826142,
              18.4502558099672
            ],
            [
              73.86309726247839,
              18.44918638936056
            ]
          ],
          [
            [
              73.83225973503178,
              18.464903806907067
            ],
            [
              73.8322597349307,
              18.4649038068946
            ],
            [
              73.8317279074171,
              18.4645295594001
            ],
            [
              73.83172790739597,
              18.46452955929281
            ],
            [
              73.83225973503178,
              18.464903806907067
            ]
          ],
          [
            [
              73.83153303998752,
              18.462300633920652
            ],
            [
              73.8315594187427,
              18.4636738439823
            ],
            [
              73.83164387788064,
              18.464102793155075
            ],
            [
              73.8315594185685,
              18.4636738441806
            ],
            [
              73.83153303998752,
              18.462300633920652
            ]
          ],
          [
            [
              73.8315199797403,
              18.4616207510845
            ],
            [
              73.83151997974716,
              18.461620751440968
            ],
            [
              73.83063226915813,
              18.46187974447112
            ],
            [
              73.8315199797403,
              18.4616207510845
            ]
          ],
          [
            [
              73.82621241754313,
              18.461275071038884
            ],
            [
              73.82621760157139,
              18.46127720360204
            ],
            [
              73.8262124175429,
              18.4612750710401
            ],
            [
              73.82621241754313,
              18.461275071038884
            ]
          ],
          [
            [
              73.8265424820711,
              18.4595111797443
            ],
            [
              73.82654248200215,
              18.459511180112802
            ],
            [
              73.8260355054909,
              18.4585710657544
            ],
            [
              73.8265424820711,
              18.4595111797443
            ]
          ],
          [
            [
              73.83604293669038,
              18.437589487723084
            ],
            [
              73.8359299879337,
              18.4385724130113
            ],
            [
              73.8360429363174,
              18.4375894891862
            ],
            [
              73.83604293669038,
              18.437589487723084
            ]
          ],
          [
            [
              73.822813647432,
              18.3982564153015
            ],
            [
              73.8244918848927,
              18.3952600487123
            ],
            [
              73.822813647432,
              18.3982564162007
            ],
            [
              73.8216498528133,
              18.4026046034039
            ],
            [
              73.8214949763434,
              18.4040143449617
            ],
            [
              73.8216498506408,
              18.4026046028225
            ],
            [
              73.822813647432,
              18.3982564153015
            ]
          ],
          [
            [
              73.7901964347178,
              18.5162667761909
            ],
            [
              73.7881539819484,
              18.5166890722638
            ],
            [
              73.7877718482958,
              18.5167660392951
            ],
            [
              73.7881539804857,
              18.5166890724533
            ],
            [
              73.7901964347178,
              18.5162667761909
            ]
          ],
          [
            [
              73.7931424257824,
              18.5173529575731
            ],
            [
              73.79314242641158,
              18.517352958318174
            ],
            [
              73.7926491656266,
              18.5170714275044
            ],
            [
              73.7921644364397,
              18.5160728850557
            ],
            [
              73.7926491656266,
              18.5170714266052
            ],
            [
              73.7931424257824,
              18.5173529575731
            ]
          ],
          [
            [
              73.7954896798292,
              18.51970835501333
            ],
            [
              73.79547952440726,
              18.519698625797233
            ],
            [
              73.795489679705,
              18.5197083548568
            ],
            [
              73.7954896798292,
              18.51970835501333
            ]
          ],
          [
            [
              73.7975414433832,
              18.5221366556821
            ],
            [
              73.79754158955328,
              18.52213676959876
            ],
            [
              73.7975414433831,
              18.5221366556821
            ],
            [
              73.7965549212727,
              18.5210508619078
            ],
            [
              73.79567220004803,
              18.519938382155836
            ],
            [
              73.796554922172,
              18.521050861908
            ],
            [
              73.7975414433832,
              18.5221366556821
            ]
          ],
          [
            [
              73.801897803441,
              18.523886722894
            ],
            [
              73.8001333884452,
              18.5235958857416
            ],
            [
              73.7991838894597,
              18.523275038062003
            ],
            [
              73.8001333884452,
              18.5235958848424
            ],
            [
              73.801897803441,
              18.523886722894
            ]
          ],
          [
            [
              73.80456211770849,
              18.524548554043534
            ],
            [
              73.804484319296,
              18.5245440157938
            ],
            [
              73.8037106909957,
              18.5242357281963
            ],
            [
              73.8044843201954,
              18.5245440157938
            ],
            [
              73.80456211770849,
              18.524548554043534
            ]
          ],
          [
            [
              73.8103476067567,
              18.5243951069486
            ],
            [
              73.8093238581096,
              18.5248464874756
            ],
            [
              73.80770075609499,
              18.52474203769221
            ],
            [
              73.8093238581096,
              18.5248464865762
            ],
            [
              73.8103476067567,
              18.5243951069486
            ]
          ],
          [
            [
              73.8123216420303,
              18.5243918810806
            ],
            [
              73.812091081938,
              18.524314448553
            ],
            [
              73.8111479916866,
              18.5242399936809
            ],
            [
              73.812091081938,
              18.5243144476538
            ],
            [
              73.8123216420303,
              18.5243918810806
            ]
          ],
          [
            [
              73.8147637474491,
              18.5262780597847
            ],
            [
              73.81442226902334,
              18.52592665429193
            ],
            [
              73.81476374798066,
              18.52627805940628
            ],
            [
              73.8147637474491,
              18.5262780597847
            ]
          ],
          [
            [
              73.8439118838264,
              18.4944740257557
            ],
            [
              73.8442631320381,
              18.4946196646659
            ],
            [
              73.8445908209621,
              18.49487239254745
            ],
            [
              73.8442631320381,
              18.4946196655653
            ],
            [
              73.8439118838264,
              18.4944740257557
            ]
          ],
          [
            [
              73.8427981688006,
              18.4937372597669
            ],
            [
              73.8432093874034,
              18.4938614822217
            ],
            [
              73.8437319762497,
              18.4944012058511
            ],
            [
              73.843209386504,
              18.4938614822217
            ],
            [
              73.8427981688006,
              18.4937372597669
            ]
          ],
          [
            [
              73.84125210642833,
              18.491799212012733
            ],
            [
              73.8415712084447,
              18.4922698872456
            ],
            [
              73.8423877541916,
              18.4929191078306
            ],
            [
              73.8415712075453,
              18.4922698872456
            ],
            [
              73.84125210642833,
              18.491799212012733
            ]
          ],
          [
            [
              73.8402727654759,
              18.4877119540435
            ],
            [
              73.84017318067433,
              18.48770284577079
            ],
            [
              73.8402727663751,
              18.4877119540435
            ],
            [
              73.8402727663751,
              18.4887025177072
            ],
            [
              73.8406007230451,
              18.4896127656168
            ],
            [
              73.8402727654759,
              18.4887025177072
            ],
            [
              73.8402727654759,
              18.4877119540435
            ]
          ],
          [
            [
              73.8413116146394,
              18.4872171128796
            ],
            [
              73.8413116146394,
              18.4872171137789
            ],
            [
              73.8402727663751,
              18.4877119540435
            ],
            [
              73.8413116146394,
              18.4872171128796
            ]
          ],
          [
            [
              73.84262121784055,
              18.48448032900317
            ],
            [
              73.8425097930926,
              18.4847147555816
            ],
            [
              73.8423840283004,
              18.4852402717212
            ],
            [
              73.8425097930926,
              18.4847147546823
            ],
            [
              73.84262121784055,
              18.48448032900317
            ]
          ],
          [
            [
              73.84341646563054,
              18.48234166661525
            ],
            [
              73.8431296328264,
              18.4829136257634
            ],
            [
              73.84307391763595,
              18.483131919547493
            ],
            [
              73.8431296328264,
              18.482913624864
            ],
            [
              73.84341646563054,
              18.48234166661525
            ]
          ],
          [
            [
              73.8439108900756,
              18.4746227002775
            ],
            [
              73.8437564917688,
              18.4765386465415
            ],
            [
              73.84411046048493,
              18.480066935025686
            ],
            [
              73.8437564908694,
              18.4765386474407
            ],
            [
              73.8439108900756,
              18.4746227002775
            ]
          ],
          [
            [
              73.84359226657,
              18.4721427783667
            ],
            [
              73.84359226751737,
              18.472142777842127
            ],
            [
              73.8439108900756,
              18.4746227002775
            ],
            [
              73.84359226657,
              18.4721427783667
            ]
          ],
          [
            [
              73.842372193572,
              18.4629685252994
            ],
            [
              73.84219145085041,
              18.463124828331285
            ],
            [
              73.84219145081671,
              18.463124828328727
            ],
            [
              73.842372193572,
              18.4629685252994
            ]
          ],
          [
            [
              73.8398776648887,
              18.4629493748732
            ],
            [
              73.84033865069652,
              18.46298433145617
            ],
            [
              73.83987766472167,
              18.462949375128687
            ],
            [
              73.8398776648887,
              18.4629493748732
            ]
          ],
          [
            [
              73.83872449954721,
              18.464713116520272
            ],
            [
              73.8393917806726,
              18.46369252435641
            ],
            [
              73.838724499836,
              18.4647131165172
            ],
            [
              73.83872449954721,
              18.464713116520272
            ]
          ],
          [
            [
              73.8374050935886,
              18.4647271522562
            ],
            [
              73.83740509364435,
              18.464727152255605
            ],
            [
              73.83738082449489,
              18.464745111497106
            ],
            [
              73.8374050935886,
              18.4647271522562
            ]
          ],
          [
            [
              73.8350891145711,
              18.4654851098501
            ],
            [
              73.83508911447696,
              18.465485109688707
            ],
            [
              73.83642255757101,
              18.465513182007843
            ],
            [
              73.8364225573553,
              18.4655131821876
            ],
            [
              73.8350891145711,
              18.4654851098501
            ]
          ],
          [
            [
              73.8347382082828,
              18.4650640222463
            ],
            [
              73.8347496107552,
              18.465075424740302
            ],
            [
              73.83473820825715,
              18.46506402224225
            ],
            [
              73.8347382082828,
              18.4650640222463
            ]
          ],
          [
            [
              73.8328629343504,
              18.464978205361
            ],
            [
              73.83255396625644,
              18.464940097313136
            ],
            [
              73.8328629343507,
              18.4649782053475
            ],
            [
              73.8336784721432,
              18.4650008586714
            ],
            [
              73.83410898956863,
              18.465012288590433
            ],
            [
              73.8336784721839,
              18.4650008591025
            ],
            [
              73.8328629343504,
              18.464978205361
            ]
          ],
          [
            [
              73.7726550646797,
              18.487976731541
            ],
            [
              73.77265506399453,
              18.487976730770725
            ],
            [
              73.7740768649375,
              18.488833042432
            ],
            [
              73.7740768649375,
              18.488833042600117
            ],
            [
              73.7726550646797,
              18.487976731541
            ]
          ],
          [
            [
              73.7747958432536,
              18.4898590008923
            ],
            [
              73.77433882692033,
              18.489525225143343
            ],
            [
              73.7747958433876,
              18.4898590007837
            ],
            [
              73.77479854126537,
              18.489988502302875
            ],
            [
              73.7747958432536,
              18.4898590008923
            ]
          ],
          [
            [
              73.77599387663423,
              18.49206305905805
            ],
            [
              73.7759429779861,
              18.4919593882154
            ],
            [
              73.7753532538497,
              18.4912727234576
            ],
            [
              73.77516188390082,
              18.49104707807562
            ],
            [
              73.7753532537026,
              18.491272722822
            ],
            [
              73.7759429779232,
              18.4919593880441
            ],
            [
              73.77599387663423,
              18.49206305905805
            ]
          ],
          [
            [
              73.77725975882285,
              18.494641420815338
            ],
            [
              73.7772597588626,
              18.4946414208963
            ],
            [
              73.77698117572463,
              18.495511991866387
            ],
            [
              73.77725975882285,
              18.494641420815338
            ]
          ],
          [
            [
              73.78303265819423,
              18.499963899827794
            ],
            [
              73.7808901962256,
              18.4980204581777
            ],
            [
              73.7806627082174,
              18.4979377349388
            ],
            [
              73.7797165647678,
              18.4979635859508
            ],
            [
              73.77971656475036,
              18.497963585937566
            ],
            [
              73.7806627089198,
              18.4979377348272
            ],
            [
              73.7808901971106,
              18.4980204583456
            ],
            [
              73.78303265819423,
              18.499963899827794
            ]
          ],
          [
            [
              73.78470410323767,
              18.500356142800214
            ],
            [
              73.7845765370776,
              18.5004349337252
            ],
            [
              73.7832216256776,
              18.5004417200095
            ],
            [
              73.78320043356592,
              18.500342116117412
            ],
            [
              73.7832216257339,
              18.5004417199471
            ],
            [
              73.7845765372105,
              18.5004349335055
            ],
            [
              73.78470410323767,
              18.500356142800214
            ]
          ],
          [
            [
              73.7913475549805,
              18.496476058716283
            ],
            [
              73.7913856682655,
              18.4964590634331
            ],
            [
              73.79138566830265,
              18.496459063429356
            ],
            [
              73.7913475549805,
              18.496476058716283
            ]
          ],
          [
            [
              73.7951960932102,
              18.493765397542
            ],
            [
              73.79571230804964,
              18.493469947161806
            ],
            [
              73.7951960933251,
              18.493765397755
            ],
            [
              73.7941310352192,
              18.4945460956259
            ],
            [
              73.7938098306592,
              18.494718531635
            ],
            [
              73.79326029375007,
              18.49521058384147
            ],
            [
              73.7938098302641,
              18.4947185312631
            ],
            [
              73.7941310352629,
              18.494546095314
            ],
            [
              73.7951960932102,
              18.493765397542
            ]
          ],
          [
            [
              73.79816257219858,
              18.49237702242858
            ],
            [
              73.7979645887947,
              18.4924515556947
            ],
            [
              73.7977656560603,
              18.4925264458388
            ],
            [
              73.79764704554358,
              18.492538864204636
            ],
            [
              73.7977656559034,
              18.4925264455659
            ],
            [
              73.7979645888074,
              18.4924515551801
            ],
            [
              73.79816257219858,
              18.49237702242858
            ]
          ],
          [
            [
              73.798628747001,
              18.4924708842081
            ],
            [
              73.8000166418582,
              18.4923390729287
            ],
            [
              73.8000166418726,
              18.492339073007077
            ],
            [
              73.7985706068481,
              18.492476406661
            ],
            [
              73.7981989999219,
              18.492363308861833
            ],
            [
              73.7981989999427,
              18.492363308854
            ],
            [
              73.7985706066864,
              18.4924764061047
            ],
            [
              73.798628747001,
              18.4924708842081
            ]
          ],
          [
            [
              73.8013534115786,
              18.4935127392731
            ],
            [
              73.8015156173087,
              18.4935413639284
            ],
            [
              73.80152113859289,
              18.49354153920928
            ],
            [
              73.8015156176517,
              18.493541364043
            ],
            [
              73.801353411431,
              18.4935127395215
            ],
            [
              73.8011712546497,
              18.4934537556864
            ],
            [
              73.8001620534361,
              18.4931307578783
            ],
            [
              73.8000404782127,
              18.492468847743563
            ],
            [
              73.8001620543748,
              18.4931307578497
            ],
            [
              73.8011712541253,
              18.4934537553167
            ],
            [
              73.8013534115786,
              18.4935127392731
            ]
          ],
          [
            [
              73.8026064035334,
              18.4932919639808
            ],
            [
              73.80209341361056,
              18.493446291054887
            ],
            [
              73.8026064035481,
              18.4932919635673
            ],
            [
              73.80381138501562,
              18.492929450450756
            ],
            [
              73.8026064035334,
              18.4932919639808
            ]
          ],
          [
            [
              73.8042916867589,
              18.4927239162348
            ],
            [
              73.80422534599474,
              18.492768828488966
            ],
            [
              73.8042916865356,
              18.4927239162553
            ],
            [
              73.8044110519452,
              18.492604550173684
            ],
            [
              73.8042916867589,
              18.4927239162348
            ]
          ],
          [
            [
              73.80512078963754,
              18.49212523774915
            ],
            [
              73.804966705265,
              18.4920819863779
            ],
            [
              73.8047317722048,
              18.4922209616498
            ],
            [
              73.80467711042071,
              18.49229089606407
            ],
            [
              73.8047317722292,
              18.4922209615391
            ],
            [
              73.8049667050574,
              18.4920819859866
            ],
            [
              73.80512078963754,
              18.49212523774915
            ]
          ],
          [
            [
              73.80535384823435,
              18.492224270262724
            ],
            [
              73.8051387624053,
              18.49080158914184
            ],
            [
              73.8053538484123,
              18.4922242703428
            ],
            [
              73.80535384823435,
              18.492224270262724
            ]
          ],
          [
            [
              73.81168628390904,
              18.49243505969259
            ],
            [
              73.8087428411949,
              18.492202245103
            ],
            [
              73.8077318102784,
              18.4916984431967
            ],
            [
              73.8074494269084,
              18.4915577303846
            ],
            [
              73.8077318100769,
              18.491698442963
            ],
            [
              73.8087428412093,
              18.492202244738
            ],
            [
              73.81168628390904,
              18.49243505969259
            ]
          ],
          [
            [
              73.81325989071877,
              18.4925731342843
            ],
            [
              73.8161978099521,
              18.493626818777578
            ],
            [
              73.8150013837831,
              18.4931977275918
            ],
            [
              73.81325989071877,
              18.4925731342843
            ]
          ],
          [
            [
              73.81620274928456,
              18.49362859024002
            ],
            [
              73.81629483535092,
              18.49364995006582
            ],
            [
              73.8162027495243,
              18.493628590326
            ],
            [
              73.81620274928456,
              18.49362859024002
            ]
          ],
          [
            [
              73.81792280810464,
              18.49437147716887
            ],
            [
              73.81809612577169,
              18.494625263605137
            ],
            [
              73.8180961254971,
              18.4946252641254
            ],
            [
              73.81792280810464,
              18.49437147716887
            ]
          ],
          [
            [
              73.81836271412345,
              18.4927672293072
            ],
            [
              73.8184031062555,
              18.4940436187495
            ],
            [
              73.8182004252445,
              18.49442764435895
            ],
            [
              73.8184031059187,
              18.4940436183184
            ],
            [
              73.8183627137684,
              18.4927672294242
            ],
            [
              73.81836271412345,
              18.4927672293072
            ]
          ],
          [
            [
              73.8267256443731,
              18.4900138308736
            ],
            [
              73.8253296240629,
              18.4900235246661
            ],
            [
              73.8267256452723,
              18.4900138299743
            ],
            [
              73.8270358718082,
              18.4897811600726
            ],
            [
              73.8267256443731,
              18.4900138308736
            ]
          ],
          [
            [
              73.82742080322761,
              18.487854344202262
            ],
            [
              73.8277047984124,
              18.4884820845437
            ],
            [
              73.8279762469138,
              18.4889474251366
            ],
            [
              73.82930134404953,
              18.49090141327923
            ],
            [
              73.8279762470063,
              18.4889474255834
            ],
            [
              73.8277047983378,
              18.4884820857797
            ],
            [
              73.8265511426213,
              18.4890637609839
            ],
            [
              73.8266965611975,
              18.4894321547703
            ],
            [
              73.8265511417219,
              18.4890637609839
            ],
            [
              73.8277047983378,
              18.4884820848805
            ],
            [
              73.82742080322761,
              18.487854344202262
            ]
          ],
          [
            [
              73.82683266525929,
              18.480625747220635
            ],
            [
              73.8268326652616,
              18.4806257475048
            ],
            [
              73.8258436568286,
              18.4811096942449
            ],
            [
              73.82550888024603,
              18.480751200654748
            ],
            [
              73.8255088802622,
              18.4807512006366
            ],
            [
              73.8258436571992,
              18.4811096938921
            ],
            [
              73.82683266525929,
              18.480625747220635
            ]
          ],
          [
            [
              73.82828136030916,
              18.479494571920185
            ],
            [
              73.8279836292023,
              18.4798222188065
            ],
            [
              73.82748212409895,
              18.48002085423464
            ],
            [
              73.8279836289121,
              18.4798222185892
            ],
            [
              73.8282813601718,
              18.4794945719679
            ],
            [
              73.82828136030916,
              18.479494571920185
            ]
          ],
          [
            [
              73.82891365207092,
              18.47915186306851
            ],
            [
              73.8289491769051,
              18.479124065968
            ],
            [
              73.82894917698795,
              18.479124065963497
            ],
            [
              73.82891365207092,
              18.47915186306851
            ]
          ],
          [
            [
              73.8296030968079,
              18.4790885054289
            ],
            [
              73.82913380468314,
              18.479114025757138
            ],
            [
              73.8296030965393,
              18.4790885052789
            ],
            [
              73.83010719581075,
              18.478928880826285
            ],
            [
              73.8296030968079,
              18.4790885054289
            ]
          ],
          [
            [
              73.8317246444341,
              18.478368963573057
            ],
            [
              73.8317246446082,
              18.4783689635088
            ],
            [
              73.83201810160085,
              18.479003765878538
            ],
            [
              73.8317246444341,
              18.478368963573057
            ]
          ],
          [
            [
              73.83648700242804,
              18.479927908523724
            ],
            [
              73.83559236430085,
              18.479501638248095
            ],
            [
              73.8355923643444,
              18.4795016382449
            ],
            [
              73.8364870023308,
              18.4799279084063
            ],
            [
              73.83648700242804,
              18.479927908523724
            ]
          ],
          [
            [
              73.8373054403237,
              18.48107153448036
            ],
            [
              73.837272871959,
              18.4809439756576
            ],
            [
              73.8372337988608,
              18.4808296815563
            ],
            [
              73.83672307941893,
              18.480212976601404
            ],
            [
              73.837233798777,
              18.4808296812836
            ],
            [
              73.8372728720585,
              18.4809439759214
            ],
            [
              73.8373054403237,
              18.48107153448036
            ]
          ],
          [
            [
              73.83664336305856,
              18.48318521803286
            ],
            [
              73.8366433628746,
              18.4831852182763
            ],
            [
              73.83603913436022,
              18.483209968263676
            ],
            [
              73.83664336305856,
              18.48318521803286
            ]
          ],
          [
            [
              73.83320768417437,
              18.483545649755026
            ],
            [
              73.8337564768385,
              18.4833376276359
            ],
            [
              73.8352885116664,
              18.4833470559339
            ],
            [
              73.83591763193087,
              18.483225446861706
            ],
            [
              73.8352885118085,
              18.4833470560199
            ],
            [
              73.8337564767371,
              18.4833376277203
            ],
            [
              73.83320768417437,
              18.483545649755026
            ]
          ],
          [
            [
              73.8315299819347,
              18.4841283208779
            ],
            [
              73.83160655563844,
              18.484122154787528
            ],
            [
              73.831529982317,
              18.484128320988
            ],
            [
              73.831418474641,
              18.484143753026558
            ],
            [
              73.8315299819347,
              18.4841283208779
            ]
          ],
          [
            [
              73.83067850104183,
              18.485366716574813
            ],
            [
              73.8306948780058,
              18.4848672522041
            ],
            [
              73.8308482805784,
              18.4844325765239
            ],
            [
              73.83108195227025,
              18.484250958181658
            ],
            [
              73.8308482809122,
              18.4844325766806
            ],
            [
              73.8306948784389,
              18.4848672521096
            ],
            [
              73.83067850104183,
              18.485366716574813
            ]
          ],
          [
            [
              73.8313242252123,
              18.4866678456896
            ],
            [
              73.8309240806276,
              18.4862129721053
            ],
            [
              73.83083048215953,
              18.486017092661093
            ],
            [
              73.8309240808671,
              18.48621297203
            ],
            [
              73.83132422523724,
              18.486667845702954
            ],
            [
              73.8313242252123,
              18.4866678456896
            ]
          ],
          [
            [
              73.8377907337555,
              18.4875689915158
            ],
            [
              73.8369664241612,
              18.4878859719602
            ],
            [
              73.8377907337555,
              18.4875689906165
            ],
            [
              73.8381762506336,
              18.4878003016426
            ],
            [
              73.8377907337555,
              18.4875689915158
            ]
          ],
          [
            [
              73.80320053343569,
              18.468909345033406
            ],
            [
              73.8030530480482,
              18.4687945629353
            ],
            [
              73.8010165704447,
              18.4676496539853
            ],
            [
              73.7991466844171,
              18.46689193449
            ],
            [
              73.79932245339269,
              18.466637253821823
            ],
            [
              73.7991466873699,
              18.4668919346152
            ],
            [
              73.8010165703586,
              18.4676496539086
            ],
            [
              73.8030530482598,
              18.4687945628188
            ],
            [
              73.80320053343569,
              18.468909345033406
            ]
          ],
          [
            [
              73.81742453694706,
              18.466713298240403
            ],
            [
              73.8174245086342,
              18.4667132797941
            ],
            [
              73.81742450862882,
              18.466713279790362
            ],
            [
              73.81742453694706,
              18.466713298240403
            ]
          ],
          [
            [
              73.800045849299,
              18.466138331807
            ],
            [
              73.80009770079977,
              18.466043154201447
            ],
            [
              73.8000458496006,
              18.466138331873
            ],
            [
              73.7996585227301,
              18.4664202422545
            ],
            [
              73.800045849299,
              18.466138331807
            ]
          ],
          [
            [
              73.800118534993,
              18.4660049111129
            ],
            [
              73.80011853481132,
              18.466004911446397
            ],
            [
              73.80001768722046,
              18.465928702144886
            ],
            [
              73.800118534993,
              18.4660049111129
            ]
          ],
          [
            [
              73.79988074040527,
              18.465503577110706
            ],
            [
              73.7998886827727,
              18.4651310882304
            ],
            [
              73.80011846366503,
              18.4647758369084
            ],
            [
              73.8001184638429,
              18.4647758373146
            ],
            [
              73.7998886832156,
              18.4651310881475
            ],
            [
              73.79988074040527,
              18.465503577110706
            ]
          ],
          [
            [
              73.7999615734142,
              18.4632748097558
            ],
            [
              73.79996157339058,
              18.46327480977478
            ],
            [
              73.79997071617373,
              18.463259572756005
            ],
            [
              73.7999615734142,
              18.4632748097558
            ]
          ],
          [
            [
              73.8008444224772,
              18.4623012628706
            ],
            [
              73.80066952827988,
              18.46240332816571
            ],
            [
              73.8008444223522,
              18.4623012626247
            ],
            [
              73.8009826959625,
              18.4621220126463
            ],
            [
              73.80100920323332,
              18.461988909876382
            ],
            [
              73.8009826961977,
              18.4621220125437
            ],
            [
              73.8008444224772,
              18.4623012628706
            ]
          ],
          [
            [
              73.80101481374396,
              18.461960737207747
            ],
            [
              73.8009569703849,
              18.4617786647385
            ],
            [
              73.8008779139795,
              18.461685407792935
            ],
            [
              73.8009569707201,
              18.461778664617
            ],
            [
              73.8010148138142,
              18.461960736855
            ],
            [
              73.80101481374396,
              18.461960737207747
            ]
          ],
          [
            [
              73.8006589314849,
              18.4604571506588
            ],
            [
              73.80065893163216,
              18.460457150294822
            ],
            [
              73.8006693011855,
              18.4606515933402
            ],
            [
              73.8008042662003,
              18.4608558061367
            ],
            [
              73.800938779578,
              18.4611250904459
            ],
            [
              73.8009539059173,
              18.4614017534467
            ],
            [
              73.80092650047095,
              18.461460374748867
            ],
            [
              73.8009539055502,
              18.4614017538149
            ],
            [
              73.8009387791238,
              18.4611250902407
            ],
            [
              73.8008042659655,
              18.4608558058552
            ],
            [
              73.8006693011674,
              18.4606515933297
            ],
            [
              73.8006589314849,
              18.4604571506588
            ]
          ],
          [
            [
              73.8016928204655,
              18.4571925298507
            ],
            [
              73.80169282044203,
              18.457192529943924
            ],
            [
              73.7999226424347,
              18.4566329354056
            ],
            [
              73.8016928204655,
              18.4571925298507
            ]
          ],
          [
            [
              73.8102644257213,
              18.4473012204356
            ],
            [
              73.80983147703,
              18.4460160888107
            ],
            [
              73.8102644261905,
              18.4473012206722
            ],
            [
              73.8078898062158,
              18.447119224528
            ],
            [
              73.8102644257213,
              18.4473012204356
            ]
          ],
          [
            [
              73.8072811092361,
              18.4720850967498
            ],
            [
              73.8076895204368,
              18.472329547739278
            ],
            [
              73.807281108752,
              18.4720850969115
            ],
            [
              73.80726238631343,
              18.47207052597117
            ],
            [
              73.8072811092361,
              18.4720850967498
            ]
          ],
          [
            [
              73.80933999002168,
              18.474640316341524
            ],
            [
              73.80923245006419,
              18.474398042239088
            ],
            [
              73.8093399901486,
              18.4746403161978
            ],
            [
              73.80933999002168,
              18.474640316341524
            ]
          ],
          [
            [
              73.8152677194298,
              18.4805705231112
            ],
            [
              73.81568312733008,
              18.48077677017708
            ],
            [
              73.8152677185305,
              18.4805705231112
            ],
            [
              73.813179502632,
              18.4797338982009
            ],
            [
              73.8152677194298,
              18.4805705231112
            ]
          ],
          [
            [
              73.8175165668362,
              18.4817618766094
            ],
            [
              73.8185004377452,
              18.4822236937685
            ],
            [
              73.8175165668362,
              18.4817618775087
            ],
            [
              73.81701811970186,
              18.481476990702358
            ],
            [
              73.8175165668362,
              18.4817618766094
            ]
          ],
          [
            [
              73.8213826102194,
              18.4828444696965
            ],
            [
              73.82066433396504,
              18.482788413195287
            ],
            [
              73.82138261065195,
              18.482844469660073
            ],
            [
              73.8213826102194,
              18.4828444696965
            ]
          ],
          [
            [
              73.8223761029748,
              18.4827608066659
            ],
            [
              73.8234218841127,
              18.4826980600676
            ],
            [
              73.8223761029748,
              18.4827608075653
            ],
            [
              73.82145976674626,
              18.48283797233712
            ],
            [
              73.8223761029748,
              18.4827608066659
            ]
          ],
          [
            [
              73.8042189789907,
              18.4834367254688
            ],
            [
              73.8044283820435,
              18.483399477419
            ],
            [
              73.804577392557,
              18.4834540808862
            ],
            [
              73.8046563745572,
              18.4836387571173
            ],
            [
              73.80464035660096,
              18.485053728866234
            ],
            [
              73.8046563742981,
              18.4836387575198
            ],
            [
              73.8045773923976,
              18.4834540812855
            ],
            [
              73.8044283821943,
              18.4833994776762
            ],
            [
              73.8042189788177,
              18.4834367256015
            ],
            [
              73.8041124259889,
              18.483487889846366
            ],
            [
              73.8042189789907,
              18.4834367254688
            ]
          ],
          [
            [
              73.80306562093347,
              18.483713659907174
            ],
            [
              73.8032275954675,
              18.4837667871723
            ],
            [
              73.80341229186014,
              18.48376637673007
            ],
            [
              73.8032275953482,
              18.4837667873298
            ],
            [
              73.80306562093347,
              18.483713659907174
            ]
          ],
          [
            [
              73.80199924888223,
              18.48314640290146
            ],
            [
              73.8019241632101,
              18.4830551535088
            ],
            [
              73.80192416328265,
              18.48305515342964
            ],
            [
              73.80199924888223,
              18.48314640290146
            ]
          ],
          [
            [
              73.80201658827177,
              18.482954298834674
            ],
            [
              73.8038076820701,
              18.4809998486227
            ],
            [
              73.8042766569747,
              18.4803740481087
            ],
            [
              73.80928920052824,
              18.47469783051638
            ],
            [
              73.8042766575329,
              18.4803740492529
            ],
            [
              73.8038076825087,
              18.480999848973
            ],
            [
              73.80201658827177,
              18.482954298834674
            ]
          ],
          [
            [
              73.8330014397762,
              18.496148536277385
            ],
            [
              73.8332900927637,
              18.4964570956185
            ],
            [
              73.8348503157895,
              18.4977143631274
            ],
            [
              73.8332900927637,
              18.4964570965179
            ],
            [
              73.8330014397762,
              18.496148536277385
            ]
          ],
          [
            [
              73.8019328419272,
              18.5028235582607
            ],
            [
              73.8019010479568,
              18.5024134646911
            ],
            [
              73.8023146588243,
              18.5023388135705
            ],
            [
              73.8019010481781,
              18.5024134650194
            ],
            [
              73.8019328420493,
              18.5028235582497
            ],
            [
              73.80206107499302,
              18.503513570222868
            ],
            [
              73.8019328419272,
              18.5028235582607
            ]
          ],
          [
            [
              73.80266836656409,
              18.506596646921967
            ],
            [
              73.8027471449434,
              18.5069609975525
            ],
            [
              73.80172555667517,
              18.50726042787229
            ],
            [
              73.802747144765,
              18.5069609972523
            ],
            [
              73.80266836656409,
              18.506596646921967
            ]
          ],
          [
            [
              73.79871601822877,
              18.50864130684492
            ],
            [
              73.7987160182297,
              18.508641306751
            ],
            [
              73.79888400337035,
              18.507879375341478
            ],
            [
              73.79871601822877,
              18.50864130684492
            ]
          ],
          [
            [
              73.79906085207737,
              18.51207758648978
            ],
            [
              73.7986826959983,
              18.5120069724038
            ],
            [
              73.79868269599854,
              18.5120069723791
            ],
            [
              73.79906085207737,
              18.51207758648978
            ]
          ],
          [
            [
              73.80555600280906,
              18.512970692745824
            ],
            [
              73.8058088630794,
              18.5129713346019
            ],
            [
              73.80582742393298,
              18.511906874652723
            ],
            [
              73.8058088632885,
              18.5129713346595
            ],
            [
              73.80555600280906,
              18.512970692745824
            ]
          ],
          [
            [
              73.8115287016882,
              18.5093793506767
            ],
            [
              73.8111254267971,
              18.5091105010488
            ],
            [
              73.8103964309507,
              18.5084900785544
            ],
            [
              73.80959643951365,
              18.508372528859475
            ],
            [
              73.8103964310654,
              18.5084900781734
            ],
            [
              73.8111254265958,
              18.5091105007996
            ],
            [
              73.81152870190992,
              18.509379350745988
            ],
            [
              73.8115287016882,
              18.5093793506767
            ]
          ],
          [
            [
              73.81623395727996,
              18.51014492596828
            ],
            [
              73.8154867996761,
              18.509990401336
            ],
            [
              73.8142999194058,
              18.5096637109116
            ],
            [
              73.8125058654534,
              18.5095964982798
            ],
            [
              73.81219460823621,
              18.509556335907988
            ],
            [
              73.8125058657035,
              18.5095964978677
            ],
            [
              73.8142999189841,
              18.5096637107096
            ],
            [
              73.815486800082,
              18.5099904012687
            ],
            [
              73.81623395727996,
              18.51014492596828
            ]
          ],
          [
            [
              73.8227066367197,
              18.5081695282179
            ],
            [
              73.82270663673769,
              18.50816952821181
            ],
            [
              73.82268571393035,
              18.508193100444274
            ],
            [
              73.8227066367197,
              18.5081695282179
            ]
          ],
          [
            [
              73.82393223693103,
              18.506775444421155
            ],
            [
              73.8239322370098,
              18.5067754444472
            ],
            [
              73.8227066367197,
              18.5081695282179
            ],
            [
              73.82393223693103,
              18.506775444421155
            ]
          ],
          [
            [
              73.82374661362157,
              18.506714073997642
            ],
            [
              73.8236957234932,
              18.5066972489342
            ],
            [
              73.82368458560839,
              18.50669746808778
            ],
            [
              73.8236957238651,
              18.5066972489237
            ],
            [
              73.82374661362157,
              18.506714073997642
            ]
          ],
          [
            [
              73.821636207819,
              18.5071204502651
            ],
            [
              73.8220322333387,
              18.5072890190471
            ],
            [
              73.8224931466162,
              18.5067209116694
            ],
            [
              73.82249314671039,
              18.506720911667546
            ],
            [
              73.8220322333494,
              18.5072890192765
            ],
            [
              73.8216362077188,
              18.5071204506209
            ],
            [
              73.82165549002943,
              18.50665649106922
            ],
            [
              73.821636207819,
              18.5071204502651
            ]
          ],
          [
            [
              73.8223146332148,
              18.5049194913314
            ],
            [
              73.8217013404718,
              18.505553264847798
            ],
            [
              73.8217013404777,
              18.505553264706
            ],
            [
              73.8223146327479,
              18.5049194914595
            ],
            [
              73.82183769044265,
              18.504687582904108
            ],
            [
              73.8223146332148,
              18.5049194913314
            ]
          ],
          [
            [
              73.82049532154456,
              18.50387534587942
            ],
            [
              73.8204953216326,
              18.5038753459312
            ],
            [
              73.82050866306209,
              18.503885126389825
            ],
            [
              73.82049532154456,
              18.50387534587942
            ]
          ],
          [
            [
              73.8191936634056,
              18.50318258336248
            ],
            [
              73.8186210459488,
              18.5029632323677
            ],
            [
              73.81779825190301,
              18.502729747290076
            ],
            [
              73.8186210460019,
              18.5029632320151
            ],
            [
              73.8191936634056,
              18.50318258336248
            ]
          ],
          [
            [
              73.8156286560378,
              18.5022393280827
            ],
            [
              73.8163359530079,
              18.5023912280253
            ],
            [
              73.81684773064784,
              18.502496440384032
            ],
            [
              73.8163359531383,
              18.5023912282873
            ],
            [
              73.8156286563355,
              18.5022393284287
            ],
            [
              73.81533084732874,
              18.502077412993405
            ],
            [
              73.8156286560378,
              18.5022393280827
            ]
          ],
          [
            [
              73.8236871149964,
              18.5091221884165
            ],
            [
              73.8233437367541,
              18.5085059654217
            ],
            [
              73.82302493257544,
              18.50806183775662
            ],
            [
              73.8230249327697,
              18.5080618376909
            ],
            [
              73.823343736671,
              18.5085059651528
            ],
            [
              73.8236871154068,
              18.5091221885096
            ],
            [
              73.82369464191734,
              18.5092897820539
            ],
            [
              73.8236871149964,
              18.5091221884165
            ]
          ],
          [
            [
              73.8236300026641,
              18.5098689970945
            ],
            [
              73.82347637178341,
              18.51037800086809
            ],
            [
              73.823630002244,
              18.5098689968183
            ],
            [
              73.82366781577389,
              18.509642991579724
            ],
            [
              73.8236300026641,
              18.5098689970945
            ]
          ],
          [
            [
              73.8233307910087,
              18.5118036339065
            ],
            [
              73.82343945749514,
              18.510542454483694
            ],
            [
              73.82333079130022,
              18.511803634011965
            ],
            [
              73.8233307910087,
              18.5118036339065
            ]
          ],
          [
            [
              73.824057607504,
              18.5120665841952
            ],
            [
              73.8240044946118,
              18.5133014443063
            ],
            [
              73.8240576074825,
              18.5120665846292
            ],
            [
              73.82363724639738,
              18.511914504626734
            ],
            [
              73.824057607504,
              18.5120665841952
            ]
          ],
          [
            [
              73.8246235006742,
              18.5154176390129
            ],
            [
              73.8245540568244,
              18.5148513673968
            ],
            [
              73.8243601647899,
              18.5147544213795
            ],
            [
              73.8241708071371,
              18.5136415858905
            ],
            [
              73.8243601647899,
              18.5147544204801
            ],
            [
              73.8245540568244,
              18.5148513664974
            ],
            [
              73.8246235015734,
              18.5154176390129
            ],
            [
              73.82467507415429,
              18.515640046361153
            ],
            [
              73.8246235006742,
              18.5154176390129
            ]
          ],
          [
            [
              73.7968329258512,
              18.5149218436959
            ],
            [
              73.7960817331882,
              18.5154438177421
            ],
            [
              73.7957616556872,
              18.5162683789912
            ],
            [
              73.7960817331882,
              18.5154438177419
            ],
            [
              73.7968329258512,
              18.5149218436959
            ]
          ],
          [
            [
              73.8080664215283,
              18.5341062993663
            ],
            [
              73.8100791321464,
              18.5301381100859
            ],
            [
              73.81031089960402,
              18.529724979654414
            ],
            [
              73.8100791330457,
              18.5301381100859
            ],
            [
              73.8080664224275,
              18.5341062993663
            ],
            [
              73.8075556048074,
              18.5344265128734
            ],
            [
              73.8080664215283,
              18.5341062993663
            ]
          ],
          [
            [
              73.806836902601,
              18.5351180726411
            ],
            [
              73.8046952741677,
              18.5350731146326
            ],
            [
              73.80683690261806,
              18.535118072622577
            ],
            [
              73.806836902601,
              18.5351180726411
            ]
          ],
          [
            [
              73.81727448686,
              18.5400539632472
            ],
            [
              73.81727448661441,
              18.54005396486867
            ],
            [
              73.81544136610552,
              18.53991189546026
            ],
            [
              73.81727448686,
              18.5400539632472
            ]
          ],
          [
            [
              73.8163830812081,
              18.547376745701175
            ],
            [
              73.8163830812081,
              18.5473767457011
            ],
            [
              73.8166998050835,
              18.5438480724424
            ],
            [
              73.8163830812081,
              18.547376745701175
            ]
          ],
          [
            [
              73.8368884594831,
              18.5362008947302
            ],
            [
              73.8429498839523,
              18.5320861618605
            ],
            [
              73.8368884593378,
              18.5362008948851
            ],
            [
              73.8347225120493,
              18.5379834653937
            ],
            [
              73.8368884594831,
              18.5362008947302
            ]
          ],
          [
            [
              73.8274468134198,
              18.51951164075
            ],
            [
              73.82737478496381,
              18.519473692045477
            ],
            [
              73.8274468143191,
              18.5195116407498
            ],
            [
              73.8287615066148,
              18.5219574986825
            ],
            [
              73.829425100893,
              18.5229133742425
            ],
            [
              73.8287615051923,
              18.5219574974261
            ],
            [
              73.8274468134198,
              18.51951164075
            ]
          ],
          [
            [
              73.8466128653916,
              18.4686151903389
            ],
            [
              73.845616292458,
              18.4686081720296
            ],
            [
              73.8447109557462,
              18.4684537737228
            ],
            [
              73.8456162933574,
              18.4686081720296
            ],
            [
              73.84661286551311,
              18.468615190333427
            ],
            [
              73.8466128653916,
              18.4686151903389
            ]
          ],
          [
            [
              73.86099954212672,
              18.462019636820916
            ],
            [
              73.8609411796457,
              18.4619491131886
            ],
            [
              73.86094117964588,
              18.46194911316261
            ],
            [
              73.86099954212672,
              18.462019636820916
            ]
          ],
          [
            [
              73.86108876502468,
              18.460701235300274
            ],
            [
              73.86113423918842,
              18.46063611288428
            ],
            [
              73.8611342391879,
              18.460636112987
            ],
            [
              73.86108876502468,
              18.460701235300274
            ]
          ],
          [
            [
              73.8629083301007,
              18.459277197069113
            ],
            [
              73.8629064367209,
              18.4594028340348
            ],
            [
              73.8626905967055,
              18.4598756666415
            ],
            [
              73.86167466675455,
              18.4599471263486
            ],
            [
              73.8626905965989,
              18.4598756664583
            ],
            [
              73.8629064366013,
              18.4594028341082
            ],
            [
              73.8629083301007,
              18.459277197069113
            ]
          ],
          [
            [
              73.8628648953987,
              18.4578872621874
            ],
            [
              73.8631036123419,
              18.457147908849
            ],
            [
              73.8628777970727,
              18.4565457371961
            ],
            [
              73.8649929260828,
              18.4552209593799
            ],
            [
              73.86500160814636,
              18.45521715667936
            ],
            [
              73.8649929260768,
              18.4552209594385
            ],
            [
              73.8630120115251,
              18.4564616754342
            ],
            [
              73.8631929582362,
              18.4571945451726
            ],
            [
              73.8630936339491,
              18.4577640025504
            ],
            [
              73.8629024184074,
              18.4582921906812
            ],
            [
              73.8629128334809,
              18.458978352402
            ],
            [
              73.8629089694357,
              18.459234773404027
            ],
            [
              73.8626540907139,
              18.4589288318002
            ],
            [
              73.8627022637986,
              18.4582640349574
            ],
            [
              73.8628648953987,
              18.4578872621874
            ]
          ],
          [
            [
              73.86516463026709,
              18.455145752752617
            ],
            [
              73.8639630031046,
              18.4532692056058
            ],
            [
              73.8651646303169,
              18.4551457527308
            ],
            [
              73.86516463026709,
              18.455145752752617
            ]
          ],
          [
            [
              73.8576181120863,
              18.4684353897816
            ],
            [
              73.8576288526896,
              18.4683294478458
            ],
            [
              73.8576669692183,
              18.467953494789285
            ],
            [
              73.8576669414516,
              18.4679537894157
            ],
            [
              73.8575984151349,
              18.4686296649272
            ],
            [
              73.8576181120863,
              18.4684353897816
            ]
          ],
          [
            [
              73.8607842726304,
              18.4679830672334
            ],
            [
              73.8590803031784,
              18.4679676049183
            ],
            [
              73.8576669414516,
              18.4679537894157
            ],
            [
              73.8607842726304,
              18.4679830672334
            ]
          ],
          [
            [
              73.86231794841585,
              18.466617401174116
            ],
            [
              73.8614626000145,
              18.4664724362577
            ],
            [
              73.8619872653873,
              18.4652853156719
            ],
            [
              73.861462600395,
              18.4664724360035
            ],
            [
              73.86231794841585,
              18.466617401174116
            ]
          ],
          [
            [
              73.861216217161,
              18.4632085705119
            ],
            [
              73.86113379077952,
              18.463404911023034
            ],
            [
              73.8612162170646,
              18.4632085706156
            ],
            [
              73.8612051395221,
              18.462707306357924
            ],
            [
              73.861216217161,
              18.4632085705119
            ]
          ],
          [
            [
              73.8502237107964,
              18.468109856900938
            ],
            [
              73.8504166855818,
              18.4678642519338
            ],
            [
              73.8515746760306,
              18.467843197006
            ],
            [
              73.850416686481,
              18.4678642519338
            ],
            [
              73.8502237107964,
              18.468109856900938
            ]
          ],
          [
            [
              73.8523416983608,
              18.4683768349232
            ],
            [
              73.8527256472708,
              18.4684257013852
            ],
            [
              73.8519536539381,
              18.4683274477536
            ],
            [
              73.8523416983608,
              18.4683768349232
            ]
          ],
          [
            [
              73.86652095656589,
              18.46477447918209
            ],
            [
              73.8675145080011,
              18.4645744379192
            ],
            [
              73.8677125377083,
              18.46454401909335
            ],
            [
              73.867514508188,
              18.4645744383597
            ],
            [
              73.86652095656589,
              18.46477447918209
            ]
          ],
          [
            [
              73.86939520765026,
              18.464577601566873
            ],
            [
              73.8694751507416,
              18.4645442654623
            ],
            [
              73.8700313147743,
              18.464612691037473
            ],
            [
              73.8694751504044,
              18.4645442657037
            ],
            [
              73.86939520765026,
              18.464577601566873
            ]
          ],
          [
            [
              73.87049075033521,
              18.465264674112696
            ],
            [
              73.8703867757278,
              18.4660872773715
            ],
            [
              73.87038834116872,
              18.466577396542025
            ],
            [
              73.8703867755943,
              18.466087277051
            ],
            [
              73.87049075033521,
              18.465264674112696
            ]
          ],
          [
            [
              73.86986868101391,
              18.4679314545426
            ],
            [
              73.8697800777106,
              18.4677055677222
            ],
            [
              73.86978007806168,
              18.467705567489563
            ],
            [
              73.86986868101391,
              18.4679314545426
            ]
          ],
          [
            [
              73.87036999626025,
              18.469489413744153
            ],
            [
              73.8699530789755,
              18.4694813242131
            ],
            [
              73.86995307897298,
              18.469481323839428
            ],
            [
              73.87036999626025,
              18.469489413744153
            ]
          ],
          [
            [
              73.8720824162767,
              18.46932695806859
            ],
            [
              73.872082416466,
              18.4693269580474
            ],
            [
              73.87208066104665,
              18.469595519664022
            ],
            [
              73.8720806608575,
              18.4695955196584
            ],
            [
              73.8720824162767,
              18.46932695806859
            ]
          ],
          [
            [
              73.8736677146172,
              18.4711276767761
            ],
            [
              73.8737760731028,
              18.4696458889251
            ],
            [
              73.8729368848482,
              18.469620957350422
            ],
            [
              73.8737760732662,
              18.4696458885606
            ],
            [
              73.8736677146408,
              18.4711276768511
            ],
            [
              73.8736700219659,
              18.471191691478406
            ],
            [
              73.8736677146172,
              18.4711276767761
            ]
          ],
          [
            [
              73.8721500436999,
              18.4808894411506
            ],
            [
              73.87067981738862,
              18.480464484024903
            ],
            [
              73.87215004371772,
              18.480889441152136
            ],
            [
              73.8721500436999,
              18.4808894411506
            ]
          ],
          [
            [
              73.8780941618159,
              18.4810715694547
            ],
            [
              73.87809416181588,
              18.48107156945483
            ],
            [
              73.8778839219685,
              18.4795873004833
            ],
            [
              73.8780941618159,
              18.4810715694547
            ]
          ],
          [
            [
              73.8562422632493,
              18.4745602090006
            ],
            [
              73.8562908521412,
              18.473457693318
            ],
            [
              73.8562422635696,
              18.4745602090865
            ],
            [
              73.856289114651,
              18.4762468453157
            ],
            [
              73.85694769900483,
              18.477279760925892
            ],
            [
              73.8562891144641,
              18.4762468455876
            ],
            [
              73.8562422632493,
              18.4745602090006
            ]
          ],
          [
            [
              73.8574448543774,
              18.488539500383226
            ],
            [
              73.8574753783681,
              18.4871079735425
            ],
            [
              73.8575248087971,
              18.4847896232328
            ],
            [
              73.8571587860252,
              18.482739892347
            ],
            [
              73.85707512373338,
              18.47747961230482
            ],
            [
              73.8570751239179,
              18.4774796125942
            ],
            [
              73.8571587860492,
              18.4827398920325
            ],
            [
              73.8575248092228,
              18.4847896232427
            ],
            [
              73.8574753786507,
              18.4871079737011
            ],
            [
              73.8574448543774,
              18.488539500383226
            ]
          ],
          [
            [
              73.8628414491859,
              18.4855586459828
            ],
            [
              73.8625958197746,
              18.4852916159504
            ],
            [
              73.8628414491859,
              18.4855586459826
            ],
            [
              73.8631914362023,
              18.4881242980391
            ],
            [
              73.8628414491859,
              18.4855586459828
            ]
          ],
          [
            [
              73.8850527359961,
              18.543265581441602
            ],
            [
              73.8846342373477,
              18.5449987258743
            ],
            [
              73.88505273599566,
              18.543265581441556
            ],
            [
              73.8850527359961,
              18.543265581441602
            ]
          ],
          [
            [
              73.8854321072708,
              18.5371189549541
            ],
            [
              73.8852639182489,
              18.5413677173597
            ],
            [
              73.8851976435919,
              18.542312729438358
            ],
            [
              73.8852639178725,
              18.5413677158043
            ],
            [
              73.8854321072708,
              18.5371189549541
            ]
          ],
          [
            [
              73.8609166071557,
              18.5220639738515
            ],
            [
              73.86109500118883,
              18.522161074956248
            ],
            [
              73.8609166068161,
              18.5220639742732
            ],
            [
              73.8557125877203,
              18.5217689832245
            ],
            [
              73.85516133177008,
              18.521466898081325
            ],
            [
              73.8551613319665,
              18.5214668976642
            ],
            [
              73.8557125878727,
              18.5217689829886
            ],
            [
              73.8609166071557,
              18.5220639738515
            ]
          ],
          [
            [
              73.8552573128754,
              18.5211785611717
            ],
            [
              73.8560963324896,
              18.5201524102466
            ],
            [
              73.85614515913262,
              18.518546428364385
            ],
            [
              73.8560963327195,
              18.5201524102771
            ],
            [
              73.8552573132004,
              18.5211785610431
            ],
            [
              73.8551613319665,
              18.5214668976642
            ],
            [
              73.8552573128754,
              18.5211785611717
            ]
          ],
          [
            [
              73.85680232740346,
              18.518574163118682
            ],
            [
              73.8568023274394,
              18.5185741631202
            ],
            [
              73.8568695785589,
              18.518603732157736
            ],
            [
              73.85680232740346,
              18.518574163118682
            ]
          ],
          [
            [
              73.85726261070162,
              18.518776540828515
            ],
            [
              73.8578017499272,
              18.518784273058937
            ],
            [
              73.8572626109147,
              18.5187765409222
            ],
            [
              73.85726261070162,
              18.518776540828515
            ]
          ],
          [
            [
              73.8613042326583,
              18.5191750237266
            ],
            [
              73.8617309691446,
              18.5192485606084
            ],
            [
              73.8623356233915,
              18.5194164385069
            ],
            [
              73.86230731188915,
              18.519345796237143
            ],
            [
              73.8623356235723,
              18.5194164388478
            ],
            [
              73.8617309695139,
              18.51924856083
            ],
            [
              73.8613042330294,
              18.5191750240969
            ],
            [
              73.8605642446285,
              18.5191716982806
            ],
            [
              73.85969049082674,
              18.51868625313794
            ],
            [
              73.8596904911709,
              18.5186862530861
            ],
            [
              73.8605642447768,
              18.5191716982382
            ],
            [
              73.8613042326583,
              18.5191750237266
            ]
          ],
          [
            [
              73.86298465562,
              18.517794050569
            ],
            [
              73.8628017107993,
              18.5166753733725
            ],
            [
              73.86280066574967,
              18.51667030840093
            ],
            [
              73.8628017108717,
              18.5166753737072
            ],
            [
              73.8629846557836,
              18.5177940506341
            ],
            [
              73.8623823379115,
              18.5180732074658
            ],
            [
              73.86220122366574,
              18.518245556568434
            ],
            [
              73.8622012237751,
              18.5182455563203
            ],
            [
              73.8623823379348,
              18.5180732070665
            ],
            [
              73.86298465562,
              18.517794050569
            ]
          ],
          [
            [
              73.8647769792275,
              18.5154350166601
            ],
            [
              73.86575007255452,
              18.515427363139196
            ],
            [
              73.8647769788094,
              18.5154350170438
            ],
            [
              73.8636144804464,
              18.5161802806152
            ],
            [
              73.8628361154496,
              18.5161805516942
            ],
            [
              73.86279444501234,
              18.516269569974753
            ],
            [
              73.8628361152009,
              18.5161805514419
            ],
            [
              73.8636144805398,
              18.516180280393
            ],
            [
              73.8647769792275,
              18.5154350166601
            ]
          ],
          [
            [
              73.8659337538114,
              18.5167852686951
            ],
            [
              73.86591946418619,
              18.515426030849316
            ],
            [
              73.86591946429,
              18.5154260308485
            ],
            [
              73.86593375419773,
              18.516785268697884
            ],
            [
              73.8659337538114,
              18.5167852686951
            ]
          ],
          [
            [
              73.86853067866079,
              18.516803994254133
            ],
            [
              73.8685306790306,
              18.5168039942568
            ],
            [
              73.86849547187698,
              18.517142715273728
            ],
            [
              73.86853067866079,
              18.516803994254133
            ]
          ],
          [
            [
              73.86986345662486,
              18.51737807528493
            ],
            [
              73.8696388953172,
              18.5174632698397
            ],
            [
              73.869256364788,
              18.5175560283549
            ],
            [
              73.8684526823811,
              18.5175543888237
            ],
            [
              73.8684526824272,
              18.517554388380216
            ],
            [
              73.8692563651896,
              18.5175560280055
            ],
            [
              73.869638895268,
              18.517463269482
            ],
            [
              73.86986345662486,
              18.51737807528493
            ]
          ],
          [
            [
              73.87112069463599,
              18.5151977914902
            ],
            [
              73.8711467667275,
              18.5161820814582
            ],
            [
              73.8704849189519,
              18.5169593482853
            ],
            [
              73.87023419597809,
              18.51715797414774
            ],
            [
              73.8704849190719,
              18.5169593478514
            ],
            [
              73.8711467663371,
              18.5161820810256
            ],
            [
              73.87112069463599,
              18.5151977914902
            ]
          ],
          [
            [
              73.8687968780453,
              18.5037033347803
            ],
            [
              73.86885483726962,
              18.50298416033102
            ],
            [
              73.8687968780621,
              18.5037033350602
            ],
            [
              73.86766499828292,
              18.503595713595093
            ],
            [
              73.8676649983014,
              18.5035957132343
            ],
            [
              73.8687968780453,
              18.5037033347803
            ]
          ],
          [
            [
              73.867641433548,
              18.5040560287339
            ],
            [
              73.8676610987418,
              18.503671887497323
            ],
            [
              73.8676414339548,
              18.5040560290059
            ],
            [
              73.8671872079286,
              18.5040533099589
            ],
            [
              73.86718720763783,
              18.504053309687688
            ],
            [
              73.867641433548,
              18.5040560287339
            ]
          ],
          [
            [
              73.86572008792125,
              18.502991510504607
            ],
            [
              73.865632021201,
              18.5029869237076
            ],
            [
              73.86560291011101,
              18.50298989091925
            ],
            [
              73.8656320213487,
              18.5029869236715
            ],
            [
              73.86572008792125,
              18.502991510504607
            ]
          ],
          [
            [
              73.86524909692336,
              18.503015657156894
            ],
            [
              73.8650581249123,
              18.5030170585317
            ],
            [
              73.86501180718527,
              18.503899191394584
            ],
            [
              73.8650581248449,
              18.5030170581629
            ],
            [
              73.86524909692336,
              18.503015657156894
            ]
          ],
          [
            [
              73.86492015541027,
              18.5061191626245
            ],
            [
              73.8649201550548,
              18.5061191626393
            ],
            [
              73.86497971527339,
              18.50456195614032
            ],
            [
              73.86492015541027,
              18.5061191626245
            ]
          ],
          [
            [
              73.86692553553306,
              18.506035660555252
            ],
            [
              73.8672647754492,
              18.506021534866
            ],
            [
              73.86759005231555,
              18.506015620754905
            ],
            [
              73.8672647753303,
              18.5060215349415
            ],
            [
              73.86692553553306,
              18.506035660555252
            ]
          ],
          [
            [
              73.8681025942026,
              18.5061067370351
            ],
            [
              73.8676552840559,
              18.506014434726016
            ],
            [
              73.8676552844638,
              18.5060144347186
            ],
            [
              73.8681025946591,
              18.5061067366366
            ],
            [
              73.86834511209096,
              18.506259176491408
            ],
            [
              73.8681025942026,
              18.5061067370351
            ]
          ],
          [
            [
              73.8683461171429,
              18.5067957067312
            ],
            [
              73.8684113774331,
              18.5063922765979
            ],
            [
              73.8683746193057,
              18.506313404415113
            ],
            [
              73.868411377783,
              18.5063922767823
            ],
            [
              73.8683461175793,
              18.5067957063569
            ],
            [
              73.86824108531101,
              18.507375151993866
            ],
            [
              73.8683461171429,
              18.5067957067312
            ]
          ],
          [
            [
              73.86821130812717,
              18.507766323641217
            ],
            [
              73.8681238951017,
              18.5096710206012
            ],
            [
              73.86816810224778,
              18.510008511399985
            ],
            [
              73.8681238949721,
              18.509671021015
            ],
            [
              73.86821130812717,
              18.507766323641217
            ]
          ],
          [
            [
              73.8724299051133,
              18.5092862343736
            ],
            [
              73.86826496560732,
              18.510747992673362
            ],
            [
              73.86826496559014,
              18.510747992542164
            ],
            [
              73.8724299052875,
              18.5092862341968
            ],
            [
              73.8766576386109,
              18.507670163007
            ],
            [
              73.8756519742163,
              18.5080545948042
            ],
            [
              73.8724299051133,
              18.5092862343736
            ]
          ],
          [
            [
              73.8437919785526,
              18.5123523698533
            ],
            [
              73.8438314002139,
              18.5128299137601
            ],
            [
              73.84375863786809,
              18.512869247335914
            ],
            [
              73.8438314001128,
              18.5128299137584
            ],
            [
              73.8437919781927,
              18.5123523699276
            ],
            [
              73.84403545994836,
              18.512008737944555
            ],
            [
              73.8437919785526,
              18.5123523698533
            ]
          ],
          [
            [
              73.8440434313241,
              18.5119974877396
            ],
            [
              73.84410458810164,
              18.511972590648234
            ],
            [
              73.84404343123784,
              18.511997487861343
            ],
            [
              73.8440434313241,
              18.5119974877396
            ]
          ],
          [
            [
              73.84623738931111,
              18.51057879890995
            ],
            [
              73.8466390906246,
              18.5102708399493
            ],
            [
              73.84761463245148,
              18.509576764119835
            ],
            [
              73.8466390910934,
              18.5102708399765
            ],
            [
              73.84623738931111,
              18.51057879890995
            ]
          ],
          [
            [
              73.8530983658969,
              18.505847185999
            ],
            [
              73.8524996013005,
              18.5062577914654
            ],
            [
              73.85236373959486,
              18.50635095825129
            ],
            [
              73.8524996013374,
              18.5062577913734
            ],
            [
              73.8530983658641,
              18.5058471859615
            ],
            [
              73.85321538198541,
              18.505738358217922
            ],
            [
              73.8530983658969,
              18.505847185999
            ]
          ],
          [
            [
              73.85435793722804,
              18.50471150109822
            ],
            [
              73.8543732413702,
              18.504698536677
            ],
            [
              73.85448226320655,
              18.50462658222423
            ],
            [
              73.8543732412322,
              18.5046985368081
            ],
            [
              73.85435793722804,
              18.50471150109822
            ]
          ],
          [
            [
              73.85738688600507,
              18.502109045916633
            ],
            [
              73.8577906451696,
              18.5017407941418
            ],
            [
              73.85807558904496,
              18.50148090692941
            ],
            [
              73.8577906456069,
              18.5017407943731
            ],
            [
              73.85738688600507,
              18.502109045916633
            ]
          ],
          [
            [
              73.8583912408304,
              18.5011930121203
            ],
            [
              73.8586873145609,
              18.502407814534827
            ],
            [
              73.8583912405028,
              18.5011930124191
            ],
            [
              73.8583912408304,
              18.5011930121203
            ]
          ],
          [
            [
              73.85973970991337,
              18.5129443134356
            ],
            [
              73.8597026598421,
              18.512934096163995
            ],
            [
              73.8597026599272,
              18.5129340961738
            ],
            [
              73.85973970991337,
              18.5129443134356
            ]
          ],
          [
            [
              73.8617782736855,
              18.5130784007243
            ],
            [
              73.86177827342232,
              18.513078400793958
            ],
            [
              73.86191533311289,
              18.511664782007255
            ],
            [
              73.8617782736855,
              18.5130784007243
            ]
          ],
          [
            [
              73.8640191235192,
              18.5106928383844
            ],
            [
              73.86412314416752,
              18.511050552855963
            ],
            [
              73.8640191234256,
              18.5106928384267
            ],
            [
              73.86359448212643,
              18.51066502113546
            ],
            [
              73.8640191235192,
              18.5106928383844
            ]
          ],
          [
            [
              73.86415611599107,
              18.511163938867487
            ],
            [
              73.8658540721771,
              18.5109860166249
            ],
            [
              73.86591866727653,
              18.511166388885044
            ],
            [
              73.8658540721324,
              18.5109860168821
            ],
            [
              73.864156116021,
              18.5111639389704
            ],
            [
              73.86415611599107,
              18.511163938867487
            ]
          ],
          [
            [
              73.8590720567726,
              18.5042443953912
            ],
            [
              73.85903723045378,
              18.50401895370565
            ],
            [
              73.8590720568807,
              18.5042443950359
            ],
            [
              73.8589386029814,
              18.5048082326974
            ],
            [
              73.85874105233054,
              18.50536637869494
            ],
            [
              73.8589386026592,
              18.5048082329138
            ],
            [
              73.8590720567726,
              18.5042443953912
            ]
          ],
          [
            [
              73.8580430820355,
              18.5065895740527
            ],
            [
              73.85835089255238,
              18.50613388075218
            ],
            [
              73.85804308202825,
              18.506589574252796
            ],
            [
              73.8580430820355,
              18.5065895740527
            ]
          ],
          [
            [
              73.85802420048361,
              18.507111006780733
            ],
            [
              73.8578521062759,
              18.5118635691546
            ],
            [
              73.85761864350135,
              18.5126393532058
            ],
            [
              73.8576186433838,
              18.5126393531848
            ],
            [
              73.8578521059071,
              18.5118635687027
            ],
            [
              73.85802420048361,
              18.507111006780733
            ]
          ],
          [
            [
              73.85618291839654,
              18.516928198713707
            ],
            [
              73.8561840965782,
              18.5168777056099
            ],
            [
              73.85618409658277,
              18.516877705609957
            ],
            [
              73.85618291839654,
              18.516928198713707
            ]
          ],
          [
            [
              73.85793476281488,
              18.51622167841101
            ],
            [
              73.857909821296,
              18.51689928279
            ],
            [
              73.85743218598233,
              18.516893310682068
            ],
            [
              73.8579098208807,
              18.5168992826317
            ],
            [
              73.85793476281488,
              18.51622167841101
            ]
          ],
          [
            [
              73.85837570201186,
              18.513253795389428
            ],
            [
              73.8582463909572,
              18.5138305932063
            ],
            [
              73.85810928740017,
              18.51475096903426
            ],
            [
              73.8582463907895,
              18.513830592772
            ],
            [
              73.85837570201186,
              18.513253795389428
            ]
          ],
          [
            [
              73.87016664045277,
              18.522418409664162
            ],
            [
              73.8701666401774,
              18.5224184095491
            ],
            [
              73.87005328236282,
              18.522005736320306
            ],
            [
              73.87016664045277,
              18.522418409664162
            ]
          ],
          [
            [
              73.8700306832221,
              18.5219234655007
            ],
            [
              73.87003068324319,
              18.521923465577466
            ],
            [
              73.86986947863326,
              18.521953690538567
            ],
            [
              73.8700306832221,
              18.5219234655007
            ]
          ],
          [
            [
              73.8690016761087,
              18.522046324986636
            ],
            [
              73.868968385156,
              18.5219964166555
            ],
            [
              73.8689841061665,
              18.5200720543382
            ],
            [
              73.86898410626577,
              18.520072054339348
            ],
            [
              73.8689683852493,
              18.5219964162068
            ],
            [
              73.8690016761087,
              18.522046324986636
            ]
          ],
          [
            [
              73.86994471398,
              18.5241528768967
            ],
            [
              73.86995371093023,
              18.52413888172485
            ],
            [
              73.8699447137777,
              18.5241528772535
            ],
            [
              73.86970164107018,
              18.52433146175781
            ],
            [
              73.86994471398,
              18.5241528768967
            ]
          ],
          [
            [
              73.8707369493972,
              18.5226567152228
            ],
            [
              73.87073694933522,
              18.5226567153475
            ],
            [
              73.87029983100233,
              18.52247406382966
            ],
            [
              73.8707369493972,
              18.5226567152228
            ]
          ],
          [
            [
              73.9100229737814,
              18.4830573563121
            ],
            [
              73.9090450359724,
              18.4804896012768
            ],
            [
              73.9081919360996,
              18.4782495618356
            ],
            [
              73.90777397489595,
              18.477152083371102
            ],
            [
              73.9100229737814,
              18.4830573563121
            ]
          ],
          [
            [
              73.91149347640693,
              18.489357686023624
            ],
            [
              73.9113788410321,
              18.49332243445311
            ],
            [
              73.9115702393751,
              18.4867025558783
            ],
            [
              73.9116162334025,
              18.4852738685943
            ],
            [
              73.911493476112,
              18.4893576860269
            ],
            [
              73.91149347640693,
              18.489357686023624
            ]
          ],
          [
            [
              73.884271011758,
              18.4644860398831
            ],
            [
              73.8842232132854,
              18.4655668977537
            ],
            [
              73.8842710116171,
              18.4644860398811
            ],
            [
              73.884271011758,
              18.4644860398831
            ]
          ],
          [
            [
              73.8844791999676,
              18.4629968237226
            ],
            [
              73.8844614222247,
              18.4644887431086
            ],
            [
              73.88438842879508,
              18.464487706723936
            ],
            [
              73.8844614217974,
              18.4644887429255
            ],
            [
              73.8844791996695,
              18.4629968235884
            ],
            [
              73.88459104664433,
              18.46290647381096
            ],
            [
              73.8845910466467,
              18.462906473927
            ],
            [
              73.8844791999676,
              18.4629968237226
            ]
          ],
          [
            [
              73.884560866376,
              18.4614274168281
            ],
            [
              73.88511741352502,
              18.461264634278475
            ],
            [
              73.8845608665838,
              18.4614274171152
            ],
            [
              73.88457759396383,
              18.462247188281992
            ],
            [
              73.884560866376,
              18.4614274168281
            ]
          ],
          [
            [
              73.8858727535535,
              18.461336539439692
            ],
            [
              73.8856529489703,
              18.461301959336648
            ],
            [
              73.8858727535531,
              18.4613365394024
            ],
            [
              73.8858727535535,
              18.461336539439692
            ]
          ],
          [
            [
              73.8860203214537,
              18.4618682869117
            ],
            [
              73.88619841990965,
              18.462038198315867
            ],
            [
              73.8860203211012,
              18.4618682866555
            ],
            [
              73.88596201976617,
              18.461781975563213
            ],
            [
              73.8860203214537,
              18.4618682869117
            ]
          ],
          [
            [
              73.8872313355752,
              18.4647005861946
            ],
            [
              73.88722024303588,
              18.46395621194512
            ],
            [
              73.88723133600767,
              18.46470058624994
            ],
            [
              73.8872313355752,
              18.4647005861946
            ]
          ],
          [
            [
              73.8906110559868,
              18.4646874206094
            ],
            [
              73.8895747198484,
              18.46461617849
            ],
            [
              73.8880285404849,
              18.4648025972621
            ],
            [
              73.88780622507474,
              18.46477414957941
            ],
            [
              73.8880285404662,
              18.4648025971244
            ],
            [
              73.8895747199992,
              18.4646161783859
            ],
            [
              73.8906110557944,
              18.4646874203427
            ],
            [
              73.89165718778897,
              18.464691693225333
            ],
            [
              73.8906110559868,
              18.4646874206094
            ]
          ],
          [
            [
              73.899766738361,
              18.4649695419637
            ],
            [
              73.90066290098211,
              18.46530868827992
            ],
            [
              73.8997667387155,
              18.4649695423798
            ],
            [
              73.89886656301226,
              18.464970882489194
            ],
            [
              73.899766738361,
              18.4649695419637
            ]
          ],
          [
            [
              73.9022539108917,
              18.4659107940681
            ],
            [
              73.9022539107932,
              18.465910794030822
            ],
            [
              73.9027961802691,
              18.4651046981861
            ],
            [
              73.9022539108917,
              18.4659107940681
            ]
          ],
          [
            [
              73.9020197285176,
              18.4172589299577
            ],
            [
              73.9038145083825,
              18.4131626167233
            ],
            [
              73.9020197285176,
              18.4172589299579
            ],
            [
              73.9018651607856,
              18.4238038311566
            ],
            [
              73.9020197285176,
              18.4172589299577
            ]
          ],
          [
            [
              73.90710109697056,
              18.475495854124578
            ],
            [
              73.9069886549814,
              18.4750285135021
            ],
            [
              73.9065169645763,
              18.4730214069531
            ],
            [
              73.9069886552646,
              18.4750285132199
            ],
            [
              73.90710109697056,
              18.475495854124578
            ]
          ],
          [
            [
              73.90718912496284,
              18.475789112181527
            ],
            [
              73.90772044185998,
              18.477024924313554
            ],
            [
              73.9074503221968,
              18.4763966444154
            ],
            [
              73.90718912496284,
              18.475789112181527
            ]
          ],
          [
            [
              73.8886231911075,
              18.5455940368354
            ],
            [
              73.8887436139267,
              18.5436471907652
            ],
            [
              73.8909445697362,
              18.5436640827313
            ],
            [
              73.8887436139267,
              18.5436471916646
            ],
            [
              73.8886231911075,
              18.5455940368354
            ]
          ],
          [
            [
              73.9148175051238,
              18.5395763555644
            ],
            [
              73.91603445247158,
              18.539607886672425
            ],
            [
              73.9160344524282,
              18.5396078866948
            ],
            [
              73.9148175051238,
              18.5395763555644
            ]
          ],
          [
            [
              73.93470981116295,
              18.53573254510315
            ],
            [
              73.9336690912835,
              18.5358046133871
            ],
            [
              73.9316956116633,
              18.5359528710281
            ],
            [
              73.9315559624645,
              18.5359990347525
            ],
            [
              73.9319050907731,
              18.5369764875521
            ],
            [
              73.9319411491712,
              18.53746112555323
            ],
            [
              73.9319050905249,
              18.536976487539
            ],
            [
              73.9315559617511,
              18.5359990340857
            ],
            [
              73.9256420933081,
              18.5379538706746
            ],
            [
              73.9316956107639,
              18.5359528710281
            ],
            [
              73.9336690911558,
              18.5358046132923
            ],
            [
              73.93470981116295,
              18.53573254510315
            ]
          ],
          [
            [
              73.9386679687569,
              18.5356815807746
            ],
            [
              73.93811424038014,
              18.53561537385257
            ],
            [
              73.9386679691516,
              18.5356815806405
            ],
            [
              73.93901683548397,
              18.535856013571888
            ],
            [
              73.9386679687569,
              18.5356815807746
            ]
          ],
          [
            [
              73.9407341119253,
              18.5378714198122
            ],
            [
              73.94056479198765,
              18.537577573539284
            ],
            [
              73.9407341120897,
              18.5378714199301
            ],
            [
              73.9414732765332,
              18.539695411476387
            ],
            [
              73.9407341119253,
              18.5378714198122
            ]
          ],
          [
            [
              73.9438188820359,
              18.5439410244588
            ],
            [
              73.9432295953391,
              18.5432374002903
            ],
            [
              73.94300206021069,
              18.542965714885472
            ],
            [
              73.9438188820359,
              18.5439410235594
            ],
            [
              73.9448208050363,
              18.5446860444256
            ],
            [
              73.9438188820359,
              18.5439410244588
            ]
          ],
          [
            [
              73.94673121682179,
              18.54540964444694
            ],
            [
              73.94695361735023,
              18.545456240899306
            ],
            [
              73.9469536165162,
              18.5454562409128
            ],
            [
              73.94673121682179,
              18.54540964444694
            ]
          ],
          [
            [
              73.9494938775405,
              18.5454151364994
            ],
            [
              73.9482023066132,
              18.5454360394654
            ],
            [
              73.94695791697116,
              18.54545617133956
            ],
            [
              73.9494938766412,
              18.5454151356
            ],
            [
              73.9520261417931,
              18.5455739666653
            ],
            [
              73.9494938775405,
              18.5454151364994
            ]
          ],
          [
            [
              73.9556789864962,
              18.5462162246991
            ],
            [
              73.9544546818382,
              18.5456542491443
            ],
            [
              73.9556789873954,
              18.5462162246993
            ],
            [
              73.9571240684211,
              18.5465574247854
            ],
            [
              73.9556789864962,
              18.5462162246991
            ]
          ],
          [
            [
              73.95794696209961,
              18.546637707227255
            ],
            [
              73.95805928923599,
              18.546629587238584
            ],
            [
              73.9579469624824,
              18.5466377072646
            ],
            [
              73.95794696209961,
              18.546637707227255
            ]
          ],
          [
            [
              73.96577185395516,
              18.543766208157408
            ],
            [
              73.9671025660635,
              18.54343391581801
            ],
            [
              73.966573974045,
              18.5435742048048
            ],
            [
              73.96577185395516,
              18.543766208157408
            ]
          ],
          [
            [
              73.9277566934495,
              18.4937977840485
            ],
            [
              73.92775669345815,
              18.49379778415047
            ],
            [
              73.92769120531862,
              18.493699969199753
            ],
            [
              73.9277566934495,
              18.4937977840485
            ]
          ],
          [
            [
              73.92793812132184,
              18.49488597042465
            ],
            [
              73.9282489066863,
              18.4953888251823
            ],
            [
              73.92831995072946,
              18.49572582634442
            ],
            [
              73.9282489063762,
              18.4953888254972
            ],
            [
              73.92793812132184,
              18.49488597042465
            ]
          ],
          [
            [
              73.9282722704057,
              18.49655461943949
            ],
            [
              73.9282158092266,
              18.4968311094752
            ],
            [
              73.92815733309052,
              18.4971092157504
            ],
            [
              73.9282158092108,
              18.4968311090458
            ],
            [
              73.9282722704057,
              18.49655461943949
            ]
          ],
          [
            [
              73.92810710079756,
              18.49747505554272
            ],
            [
              73.9281361799302,
              18.4978416162141
            ],
            [
              73.92807494497902,
              18.498069082287383
            ],
            [
              73.9281361796945,
              18.4978416160116
            ],
            [
              73.92810710079756,
              18.49747505554272
            ]
          ],
          [
            [
              73.92783887850365,
              18.500237459277095
            ],
            [
              73.9278337239388,
              18.5001282150124
            ],
            [
              73.9274405291302,
              18.4993203756923
            ],
            [
              73.9274028929798,
              18.4990588108425
            ],
            [
              73.92750995580906,
              18.498730989174387
            ],
            [
              73.9274028933311,
              18.4990588112934
            ],
            [
              73.9274405294609,
              18.499320375292
            ],
            [
              73.9278337239894,
              18.5001282146775
            ],
            [
              73.92783887850365,
              18.500237459277095
            ]
          ],
          [
            [
              73.9278662815865,
              18.5008182318006
            ],
            [
              73.9278662815819,
              18.50081823170301
            ],
            [
              73.927949731737,
              18.5008194165111
            ],
            [
              73.92856379391881,
              18.50075723033988
            ],
            [
              73.9279497317715,
              18.5008194166912
            ],
            [
              73.9278662815865,
              18.5008182318006
            ]
          ],
          [
            [
              73.929671829054,
              18.500645019452
            ],
            [
              73.92968865036524,
              18.501444468221482
            ],
            [
              73.92967182896435,
              18.50064501946108
            ],
            [
              73.929671829054,
              18.500645019452
            ]
          ],
          [
            [
              73.93118436845268,
              18.501523730334725
            ],
            [
              73.9296926899722,
              18.5016364533484
            ],
            [
              73.92969268996434,
              18.501636452974772
            ],
            [
              73.93118436845268,
              18.501523730334725
            ]
          ],
          [
            [
              73.9369306635088,
              18.500923794434787
            ],
            [
              73.9374311654088,
              18.5008575480527
            ],
            [
              73.93933093658019,
              18.500597613631747
            ],
            [
              73.9374311653015,
              18.5008575481151
            ],
            [
              73.9369306635088,
              18.500923794434787
            ]
          ],
          [
            [
              73.9546691689745,
              18.5011622877273
            ],
            [
              73.9543633818996,
              18.5003316616723
            ],
            [
              73.95412751142078,
              18.499073946384517
            ],
            [
              73.9543633820518,
              18.5003316617353
            ],
            [
              73.9546691692237,
              18.5011622873182
            ],
            [
              73.95487390629079,
              18.501499008169684
            ],
            [
              73.9546691689745,
              18.5011622877273
            ]
          ],
          [
            [
              73.9560262350424,
              18.5032475346603
            ],
            [
              73.95563258878806,
              18.50266365665781
            ],
            [
              73.9560262352937,
              18.5032475343297
            ],
            [
              73.956647823873,
              18.504136577536567
            ],
            [
              73.95664782340944,
              18.504136577528808
            ],
            [
              73.9560262350424,
              18.5032475346603
            ]
          ],
          [
            [
              73.9069483068189,
              18.5155124797172
            ],
            [
              73.9070995335541,
              18.5155851844004
            ],
            [
              73.9072248981098,
              18.515590184723
            ],
            [
              73.9070995347757,
              18.5155851851616
            ],
            [
              73.9069483068189,
              18.5155124797172
            ]
          ],
          [
            [
              73.9101145953586,
              18.5143032629786
            ],
            [
              73.9100958802098,
              18.5150070147823
            ],
            [
              73.91009588018058,
              18.515007014771655
            ],
            [
              73.9101145953586,
              18.5143032629786
            ]
          ],
          [
            [
              73.9222694331214,
              18.5090778370893
            ],
            [
              73.92350152596168,
              18.508946426204204
            ],
            [
              73.9235015247728,
              18.5089464269784
            ],
            [
              73.925169226699,
              18.5089551584563
            ],
            [
              73.9235015232137,
              18.5089464270945
            ],
            [
              73.9222694330537,
              18.5090778372145
            ],
            [
              73.9220262399932,
              18.5091350556084
            ],
            [
              73.9219025155861,
              18.5092735355158
            ],
            [
              73.9214458767031,
              18.5104613287678
            ],
            [
              73.9206191673383,
              18.5100737812109
            ],
            [
              73.9214458767299,
              18.5104613286065
            ],
            [
              73.9219025155153,
              18.5092735353119
            ],
            [
              73.9220262399438,
              18.5091350554929
            ],
            [
              73.9222694331214,
              18.5090778370893
            ]
          ],
          [
            [
              73.924263863015,
              18.5084499950847
            ],
            [
              73.92409891396244,
              18.508557409308455
            ],
            [
              73.9242638630363,
              18.5084499949314
            ],
            [
              73.92447213348228,
              18.5081203146536
            ],
            [
              73.9244721334285,
              18.5081203147565
            ],
            [
              73.924263863015,
              18.5084499950847
            ]
          ],
          [
            [
              73.92450997167549,
              18.50317394867298
            ],
            [
              73.9243826358652,
              18.5032089797277
            ],
            [
              73.9174431648778,
              18.5051756575233
            ],
            [
              73.9243826358065,
              18.5032089795597
            ],
            [
              73.92450997167549,
              18.50317394867298
            ]
          ],
          [
            [
              73.9124786319833,
              18.5062274400445
            ],
            [
              73.91229917743622,
              18.503197937667004
            ],
            [
              73.91247863219873,
              18.506227440025768
            ],
            [
              73.9124786319833,
              18.5062274400445
            ]
          ],
          [
            [
              73.91227228340558,
              18.50274392057584
            ],
            [
              73.9116843003903,
              18.5024000063552
            ],
            [
              73.91168430037192,
              18.502400006259535
            ],
            [
              73.9122722833863,
              18.5027439202504
            ],
            [
              73.91227228340558,
              18.50274392057584
            ]
          ],
          [
            [
              73.9113923069032,
              18.5008810141126
            ],
            [
              73.91157708733458,
              18.501842269102106
            ],
            [
              73.9113923067097,
              18.5008810145473
            ],
            [
              73.9103840830592,
              18.4987438647377
            ],
            [
              73.91038408323368,
              18.49874386473399
            ],
            [
              73.9113923069032,
              18.5008810141126
            ]
          ],
          [
            [
              73.91120381795022,
              18.498187507748554
            ],
            [
              73.911429138444,
              18.49738551433
            ],
            [
              73.91170986568088,
              18.496668921388157
            ],
            [
              73.9114291388944,
              18.4973855146595
            ],
            [
              73.91120381795022,
              18.498187507748554
            ]
          ],
          [
            [
              73.9118404849329,
              18.496270099314724
            ],
            [
              73.9114097238798,
              18.4946147858437
            ],
            [
              73.91138979541107,
              18.493947183435825
            ],
            [
              73.9114097240482,
              18.4946147856439
            ],
            [
              73.9118404849329,
              18.496270099314724
            ]
          ],
          [
            [
              73.932760894169,
              18.5118970398601
            ],
            [
              73.93276089386032,
              18.511897039889675
            ],
            [
              73.93274974827182,
              18.51177862050358
            ],
            [
              73.932760894169,
              18.5118970398601
            ]
          ],
          [
            [
              73.93267712811961,
              18.511420545169816
            ],
            [
              73.9326005019678,
              18.5110910533336
            ],
            [
              73.9322531615229,
              18.5102756700467
            ],
            [
              73.93225316171385,
              18.51027567002632
            ],
            [
              73.9326005023115,
              18.5110910537093
            ],
            [
              73.93267712811961,
              18.511420545169816
            ]
          ],
          [
            [
              73.9450612925483,
              18.5081870856844
            ],
            [
              73.94506668116026,
              18.50802722673765
            ],
            [
              73.9450612926437,
              18.508187085927
            ],
            [
              73.9447018537178,
              18.5092805028941
            ],
            [
              73.9450612925483,
              18.5081870856844
            ]
          ],
          [
            [
              73.9449831911215,
              18.5072427638427
            ],
            [
              73.94498954370451,
              18.507262729103577
            ],
            [
              73.94498319110274,
              18.507242763823935
            ],
            [
              73.9449831911215,
              18.5072427638427
            ]
          ],
          [
            [
              73.9438906997775,
              18.5036959684727
            ],
            [
              73.9438902090661,
              18.5054286711962
            ],
            [
              73.9439536670282,
              18.5062771410772
            ],
            [
              73.94406102670837,
              18.506433299712995
            ],
            [
              73.9439536669365,
              18.5062771412755
            ],
            [
              73.9438902087358,
              18.5054286713074
            ],
            [
              73.943890699492,
              18.5036959684111
            ],
            [
              73.94389975582307,
              18.503554664744467
            ],
            [
              73.9438906997775,
              18.5036959684727
            ]
          ],
          [
            [
              73.93259995672516,
              18.532203398133916
            ],
            [
              73.9321602913645,
              18.5316318336423
            ],
            [
              73.9323413455767,
              18.5292918849126
            ],
            [
              73.9321602922637,
              18.5316318327429
            ],
            [
              73.93259995672516,
              18.532203398133916
            ]
          ],
          [
            [
              73.921377285247,
              18.5578140905497
            ],
            [
              73.92137728523642,
              18.557814090149048
            ],
            [
              73.9220014917365,
              18.5578964132889
            ],
            [
              73.92240872748803,
              18.558216774167473
            ],
            [
              73.9220014919701,
              18.5578964137179
            ],
            [
              73.921377285247,
              18.5578140905497
            ]
          ],
          [
            [
              73.9264640651874,
              18.5576093837375
            ],
            [
              73.92815254973125,
              18.557321593428693
            ],
            [
              73.92815254971967,
              18.557321593658514
            ],
            [
              73.9264640655754,
              18.5576093839528
            ],
            [
              73.9260690800717,
              18.557686612253
            ],
            [
              73.9244469778286,
              18.5579122517464
            ],
            [
              73.9243051845043,
              18.5577506232422
            ],
            [
              73.9226164979611,
              18.5583802212128
            ],
            [
              73.9226164977733,
              18.558380221065068
            ],
            [
              73.9243051849591,
              18.5577506228195
            ],
            [
              73.9244469775236,
              18.5579122513643
            ],
            [
              73.9260690800972,
              18.5576866118707
            ],
            [
              73.9264640651874,
              18.5576093837375
            ]
          ],
          [
            [
              73.9317749300691,
              18.5397334284551
            ],
            [
              73.9312932360941,
              18.5423626746979
            ],
            [
              73.93117918585759,
              18.54283067388348
            ],
            [
              73.9312932360941,
              18.5423626737985
            ],
            [
              73.9317749280366,
              18.5397334310768
            ],
            [
              73.93194206951574,
              18.53885096294623
            ],
            [
              73.9317749300691,
              18.5397334284551
            ]
          ],
          [
            [
              73.8838499260333,
              18.5733148430057
            ],
            [
              73.8827249145948,
              18.5731324447107
            ],
            [
              73.8817797793134,
              18.5729792043269
            ],
            [
              73.8838499259958,
              18.5733148429405
            ],
            [
              73.8847866474782,
              18.5747628187631
            ],
            [
              73.88478664744383,
              18.574762818890797
            ],
            [
              73.8838499260333,
              18.5733148430057
            ]
          ],
          [
            [
              73.8850842664976,
              18.57780088089
            ],
            [
              73.8849450943676,
              18.5775240806456
            ],
            [
              73.88495238946754,
              18.577490384205866
            ],
            [
              73.8849450944642,
              18.5775240802939
            ],
            [
              73.8850842668778,
              18.5778008810767
            ],
            [
              73.88509248858243,
              18.577804979556046
            ],
            [
              73.8850842664976,
              18.57780088089
            ]
          ],
          [
            [
              73.8868110949156,
              18.5784791080297
            ],
            [
              73.88683043211773,
              18.57849844528593
            ],
            [
              73.8868110949562,
              18.5784791081244
            ],
            [
              73.886300098371,
              18.5782202023007
            ],
            [
              73.885700526658,
              18.5779715172718
            ],
            [
              73.8853155763528,
              18.5778931638386
            ],
            [
              73.8852077624093,
              18.5778624429525
            ],
            [
              73.88520776226471,
              18.57786244288043
            ],
            [
              73.885315576826,
              18.5778931634572
            ],
            [
              73.8857005267433,
              18.5779715170794
            ],
            [
              73.886300098625,
              18.5782202021417
            ],
            [
              73.8868110949156,
              18.5784791080297
            ]
          ],
          [
            [
              73.8877788563094,
              18.5795070979742
            ],
            [
              73.8876583102829,
              18.5795224116302
            ],
            [
              73.88758807753797,
              18.579401725840384
            ],
            [
              73.8876583102748,
              18.5795224114835
            ],
            [
              73.8877788560678,
              18.5795070977885
            ],
            [
              73.88810563104035,
              18.57950286862286
            ],
            [
              73.8877788563094,
              18.5795070979742
            ]
          ],
          [
            [
              73.89133711773738,
              18.58070116035717
            ],
            [
              73.8929941648881,
              18.5809761816011
            ],
            [
              73.8931652595781,
              18.581163891108417
            ],
            [
              73.8929941651487,
              18.5809761819054
            ],
            [
              73.89133711773738,
              18.58070116035717
            ]
          ],
          [
            [
              73.89354039351188,
              18.581463233443067
            ],
            [
              73.8934039169574,
              18.5814257242179
            ],
            [
              73.89340391675438,
              18.58142572399517
            ],
            [
              73.89354039351188,
              18.581463233443067
            ]
          ],
          [
            [
              73.89404677849089,
              18.581696745799526
            ],
            [
              73.8943196239929,
              18.5819053799721
            ],
            [
              73.89456831510093,
              18.58210742390413
            ],
            [
              73.8943196237516,
              18.5819053803291
            ],
            [
              73.89404677849089,
              18.581696745799526
            ]
          ],
          [
            [
              73.8947349630481,
              18.5825330207824
            ],
            [
              73.89470263974724,
              18.582344784586613
            ],
            [
              73.8947349634352,
              18.5825330205209
            ],
            [
              73.89489166935817,
              18.582856652875698
            ],
            [
              73.8948916690155,
              18.5828566526125
            ],
            [
              73.8947349630481,
              18.5825330207824
            ]
          ],
          [
            [
              73.8961417755875,
              18.5832510880481
            ],
            [
              73.8954103249976,
              18.5832550017277
            ],
            [
              73.89523365186744,
              18.58311930977695
            ],
            [
              73.8954103254642,
              18.5832550012935
            ],
            [
              73.8961417754839,
              18.583251087644
            ],
            [
              73.89623664205303,
              18.58323367127713
            ],
            [
              73.8961417755875,
              18.5832510880481
            ]
          ],
          [
            [
              73.89569090927857,
              18.574832673072624
            ],
            [
              73.8956838847801,
              18.5747504163516
            ],
            [
              73.89687474731508,
              18.574939718164423
            ],
            [
              73.8956838848096,
              18.5747504165971
            ],
            [
              73.89569090927857,
              18.574832673072624
            ]
          ],
          [
            [
              73.8997709911385,
              18.5724373358145
            ],
            [
              73.8998201933841,
              18.5734736168066
            ],
            [
              73.8991913278828,
              18.5754143502527
            ],
            [
              73.89919132752405,
              18.575414350173418
            ],
            [
              73.8998201931845,
              18.5734736166453
            ],
            [
              73.8997709911071,
              18.5724373356156
            ],
            [
              73.9003250274782,
              18.5715892625345
            ],
            [
              73.8997709911385,
              18.5724373358145
            ]
          ],
          [
            [
              73.9009866919823,
              18.5704128521714
            ],
            [
              73.9008639795,
              18.5709151450795
            ],
            [
              73.900757516846,
              18.5713509206086
            ],
            [
              73.9009866919823,
              18.5704128521714
            ]
          ],
          [
            [
              73.90636141218621,
              18.55627404472164
            ],
            [
              73.9063614122012,
              18.5562740447282
            ],
            [
              73.90636141219528,
              18.556274045356563
            ],
            [
              73.90636141218621,
              18.55627404472164
            ]
          ],
          [
            [
              73.90681857804611,
              18.555686942154153
            ],
            [
              73.9079740168875,
              18.5566863298104
            ],
            [
              73.90681857788437,
              18.55568694226428
            ],
            [
              73.90681857804611,
              18.555686942154153
            ]
          ],
          [
            [
              73.91862096474124,
              18.56093945571616
            ],
            [
              73.9181800747507,
              18.5608275297668
            ],
            [
              73.91756501668652,
              18.56062041253331
            ],
            [
              73.91862096474124,
              18.56093945571616
            ]
          ],
          [
            [
              73.9186824979392,
              18.5578774274346
            ],
            [
              73.9187716465376,
              18.5594236158063
            ],
            [
              73.9186211006163,
              18.5609394902099
            ],
            [
              73.9186210999814,
              18.56093949004872
            ],
            [
              73.9187716462465,
              18.5594236162308
            ],
            [
              73.9186824978526,
              18.5578774270067
            ],
            [
              73.91867229133024,
              18.55782368096313
            ],
            [
              73.9186824979392,
              18.5578774274346
            ]
          ],
          [
            [
              73.9191147134002,
              18.554670654336
            ],
            [
              73.9182061418466,
              18.5551732340085
            ],
            [
              73.91831882047435,
              18.55588992116952
            ],
            [
              73.9182061415822,
              18.5551732338951
            ],
            [
              73.9191147135886,
              18.5546706540207
            ],
            [
              73.92044086598594,
              18.55458389052929
            ],
            [
              73.9191147134002,
              18.554670654336
            ]
          ],
          [
            [
              73.90652456047263,
              18.555491250287563
            ],
            [
              73.90652455931892,
              18.55549124952103
            ],
            [
              73.9067130720724,
              18.5555956855995
            ],
            [
              73.90681685488659,
              18.555685451720997
            ],
            [
              73.9068168547141,
              18.5556854518222
            ],
            [
              73.9067130719797,
              18.5555956857064
            ],
            [
              73.90652456047263,
              18.555491250287563
            ]
          ],
          [
            [
              73.89408665157575,
              18.564767682186268
            ],
            [
              73.8940491576913,
              18.5647137621187
            ],
            [
              73.89404914763078,
              18.564713744263734
            ],
            [
              73.89408665157575,
              18.564767682186268
            ]
          ],
          [
            [
              73.92797663760317,
              18.560812417942973
            ],
            [
              73.9279761486183,
              18.5608221214262
            ],
            [
              73.92794621934668,
              18.56265273599124
            ],
            [
              73.9279462190478,
              18.5626527359576
            ],
            [
              73.9279761485908,
              18.5608221218578
            ],
            [
              73.92797663760317,
              18.560812417942973
            ]
          ],
          [
            [
              73.9300354289919,
              18.5628878819703
            ],
            [
              73.9344078833172,
              18.5632809063889
            ],
            [
              73.9300354285702,
              18.5628878824176
            ],
            [
              73.92863645408545,
              18.562730423869667
            ],
            [
              73.9300354289919,
              18.5628878819703
            ]
          ],
          [
            [
              73.9308488441989,
              18.568160804078
            ],
            [
              73.93124419778704,
              18.568129795459534
            ],
            [
              73.9312441969623,
              18.568129796353
            ],
            [
              73.9308488441989,
              18.568160804078
            ]
          ],
          [
            [
              73.9274236619726,
              18.5682167643922
            ],
            [
              73.92736612728136,
              18.568973798548274
            ],
            [
              73.9274236619726,
              18.5682167634928
            ],
            [
              73.9301853198967,
              18.5682046514236
            ],
            [
              73.9274236619726,
              18.5682167643922
            ]
          ],
          [
            [
              73.9273085928174,
              18.5697308306134
            ],
            [
              73.92730859287681,
              18.56973082983166
            ],
            [
              73.92757750980356,
              18.57026339286362
            ],
            [
              73.9273085928174,
              18.5697308306134
            ]
          ],
          [
            [
              73.9281099004515,
              18.5713177374237
            ],
            [
              73.92810990025711,
              18.571317737038743
            ],
            [
              73.9286730073535,
              18.5710101369085
            ],
            [
              73.9281099004515,
              18.5713177374237
            ]
          ],
          [
            [
              73.93015503839207,
              18.572366274588468
            ],
            [
              73.9310852813607,
              18.5715794446356
            ],
            [
              73.9313410980133,
              18.5718236339537
            ],
            [
              73.9310852813607,
              18.571579445535
            ],
            [
              73.930155038824,
              18.5723662749837
            ],
            [
              73.93015503839207,
              18.572366274588468
            ]
          ],
          [
            [
              73.9321899438109,
              18.5745368409027
            ],
            [
              73.933584687983,
              18.5729326383307
            ],
            [
              73.9321899438109,
              18.5745368418019
            ],
            [
              73.93179075913017,
              18.574593037367407
            ],
            [
              73.9321899438109,
              18.5745368409027
            ]
          ],
          [
            [
              73.9336913547723,
              18.5725729436865
            ],
            [
              73.93382870575554,
              18.572417375983793
            ],
            [
              73.9336913556715,
              18.5725729445859
            ],
            [
              73.933584687983,
              18.5729326383307
            ],
            [
              73.9336913547723,
              18.5725729436865
            ]
          ],
          [
            [
              73.93397955857453,
              18.57227447378918
            ],
            [
              73.93383724879776,
              18.5724076998867
            ],
            [
              73.9338372490899,
              18.5724076995558
            ],
            [
              73.93397955857453,
              18.57227447378918
            ]
          ],
          [
            [
              73.9345942822005,
              18.572637837866
            ],
            [
              73.9360310705776,
              18.573242254227
            ],
            [
              73.9345942822005,
              18.5726378387653
            ],
            [
              73.93443947767209,
              18.572475095255953
            ],
            [
              73.9345942822005,
              18.572637837866
            ]
          ],
          [
            [
              73.9345233643619,
              18.575618384481
            ],
            [
              73.9345446980794,
              18.5752098719381
            ],
            [
              73.93452336440885,
              18.575618384481054
            ],
            [
              73.9345233643619,
              18.575618384481
            ]
          ],
          [
            [
              73.9467128716017,
              18.5737521914107
            ],
            [
              73.9467056041804,
              18.5762461625304
            ],
            [
              73.9412869406398,
              18.5764399628342
            ],
            [
              73.9467056041804,
              18.576246161631
            ],
            [
              73.9467128707026,
              18.5737521914107
            ],
            [
              73.9435636130705,
              18.5736855732307
            ],
            [
              73.94356361366938,
              18.57368557234407
            ],
            [
              73.9467128716017,
              18.5737521914107
            ]
          ],
          [
            [
              73.9436114623992,
              18.5644761125826
            ],
            [
              73.9437998074152,
              18.5645042721545
            ],
            [
              73.9436114623992,
              18.564476113482
            ],
            [
              73.9434576621416,
              18.564548052051
            ],
            [
              73.9436114623992,
              18.5644761125826
            ]
          ],
          [
            [
              73.9547970599866,
              18.5717746607808
            ],
            [
              73.95707081957235,
              18.573204856065157
            ],
            [
              73.9547970602072,
              18.5717746623823
            ],
            [
              73.95463302762234,
              18.571333964491906
            ],
            [
              73.9547970599866,
              18.5717746607808
            ]
          ],
          [
            [
              73.960099768937,
              18.5745807330696
            ],
            [
              73.9602455214572,
              18.574635363236645
            ],
            [
              73.9600997687073,
              18.574580733184
            ],
            [
              73.95800836694129,
              18.573654367193033
            ],
            [
              73.960099768937,
              18.5745807330696
            ]
          ],
          [
            [
              73.9646864917172,
              18.5761768560241
            ],
            [
              73.964633447502,
              18.57615955835058
            ],
            [
              73.9646864917206,
              18.5761768559696
            ],
            [
              73.9665481793264,
              18.5766501146733
            ],
            [
              73.96717149189296,
              18.576760011375274
            ],
            [
              73.9665481791973,
              18.5766501148373
            ],
            [
              73.9646864917172,
              18.5761768560241
            ]
          ],
          [
            [
              73.9720065106392,
              18.578161702539
            ],
            [
              73.97204582313816,
              18.57818110074927
            ],
            [
              73.9720065107217,
              18.5781617026049
            ],
            [
              73.97195213688394,
              18.578139693440086
            ],
            [
              73.9720065106392,
              18.578161702539
            ]
          ],
          [
            [
              73.9736380406975,
              18.5790683244223
            ],
            [
              73.9733031764163,
              18.578937426813
            ],
            [
              73.97330317628702,
              18.578937426727844
            ],
            [
              73.9736380408689,
              18.5790683242319
            ],
            [
              73.9749719209962,
              18.5793071046826
            ],
            [
              73.97610955724537,
              18.57978384549538
            ],
            [
              73.9749719207881,
              18.579307104702
            ],
            [
              73.9736380406975,
              18.5790683244223
            ]
          ],
          [
            [
              73.9784892982727,
              18.580521437189
            ],
            [
              73.97909279041933,
              18.582250162673223
            ],
            [
              73.9784892980526,
              18.5805214373091
            ],
            [
              73.97803909012472,
              18.58045697969409
            ],
            [
              73.9784892982727,
              18.580521437189
            ]
          ],
          [
            [
              73.9806077550962,
              18.5851911718292
            ],
            [
              73.9800956969985,
              18.5847438756851
            ],
            [
              73.9799802077534,
              18.5845672924801
            ],
            [
              73.97994650512946,
              18.58454405972218
            ],
            [
              73.979980207896,
              18.5845672925738
            ],
            [
              73.9800956972087,
              18.584743875692
            ],
            [
              73.9806077553273,
              18.5851911716402
            ],
            [
              73.98107339971627,
              18.585336043330933
            ],
            [
              73.9806077550962,
              18.5851911718292
            ]
          ],
          [
            [
              73.9820627017837,
              18.585495385563
            ],
            [
              73.98124341688968,
              18.585365840112264
            ],
            [
              73.9820627016681,
              18.585495385392
            ],
            [
              73.9830070703306,
              18.5851022608564
            ],
            [
              73.98320896289518,
              18.58462539443301
            ],
            [
              73.9830070703385,
              18.5851022610678
            ],
            [
              73.9820627017837,
              18.585495385563
            ]
          ],
          [
            [
              73.98365477749651,
              18.583850532141128
            ],
            [
              73.98355865058912,
              18.5837994387062
            ],
            [
              73.9835586505969,
              18.5837994386878
            ],
            [
              73.98365477749651,
              18.583850532141128
            ]
          ],
          [
            [
              73.9849345228283,
              18.584287288464623
            ],
            [
              73.9854782562305,
              18.5843561767982
            ],
            [
              73.98574620341257,
              18.584310590384202
            ],
            [
              73.9857462034112,
              18.5843105904193
            ],
            [
              73.9854782561623,
              18.5843561769188
            ],
            [
              73.9849345228283,
              18.584287288464623
            ]
          ],
          [
            [
              73.98587123108388,
              18.581131417598968
            ],
            [
              73.98581805657352,
              18.58248352593152
            ],
            [
              73.9858712309938,
              18.5811314175711
            ],
            [
              73.98587123108388,
              18.581131417598968
            ]
          ],
          [
            [
              73.98668660770471,
              18.581416850260577
            ],
            [
              73.98653767652212,
              18.58133758532795
            ],
            [
              73.9865376765656,
              18.5813375853414
            ],
            [
              73.98668660770471,
              18.581416850260577
            ]
          ],
          [
            [
              73.9936151978997,
              18.5854271852556
            ],
            [
              73.99219998127433,
              18.584572832308307
            ],
            [
              73.9936151978546,
              18.5854271851583
            ],
            [
              73.9956972713304,
              18.5874786048097
            ],
            [
              73.99734750187966,
              18.589538704253922
            ],
            [
              73.9956972711345,
              18.5874786046994
            ],
            [
              73.9936151978997,
              18.5854271852556
            ]
          ],
          [
            [
              73.998393872601,
              18.591157996945
            ],
            [
              73.99977663311412,
              18.593223640830473
            ],
            [
              73.9983938725829,
              18.5911579969958
            ],
            [
              73.99826687132833,
              18.590897952895467
            ],
            [
              73.998393872601,
              18.591157996945
            ]
          ],
          [
            [
              74.0085830850215,
              18.6000103192355
            ],
            [
              74.00870949240175,
              18.60012501970692
            ],
            [
              74.0085830849653,
              18.6000103193014
            ],
            [
              74.00763074961168,
              18.599600717566176
            ],
            [
              74.0085830850215,
              18.6000103192355
            ]
          ],
          [
            [
              73.89901192319401,
              18.586175284258438
            ],
            [
              73.8993378236493,
              18.5867796328511
            ],
            [
              73.8990996727453,
              18.586359951606
            ],
            [
              73.89901192319401,
              18.586175284258438
            ]
          ],
          [
            [
              73.9016866489357,
              18.58861121449087
            ],
            [
              73.9016061729051,
              18.5886207052868
            ],
            [
              73.90160617190794,
              18.588620705388898
            ],
            [
              73.9016061728866,
              18.5886207052815
            ],
            [
              73.9016866489357,
              18.58861121449087
            ]
          ],
          [
            [
              73.90500278415955,
              18.585559029296327
            ],
            [
              73.9050837100452,
              18.5852631979384
            ],
            [
              73.9050837100939,
              18.585263197946944
            ],
            [
              73.90500278415955,
              18.585559029296327
            ]
          ],
          [
            [
              73.90962129363108,
              18.585994397740894
            ],
            [
              73.9064802226502,
              18.5855082015203
            ],
            [
              73.90555428508658,
              18.585345755319363
            ],
            [
              73.9064802222844,
              18.5855082011426
            ],
            [
              73.90962129363108,
              18.585994397740894
            ]
          ],
          [
            [
              73.9120806766878,
              18.5868139845135
            ],
            [
              73.9118348123896,
              18.5867035952509
            ],
            [
              73.91124523730048,
              18.586456629212055
            ],
            [
              73.9118348127266,
              18.586703595295
            ],
            [
              73.9120806765821,
              18.5868139843779
            ],
            [
              73.9123064711667,
              18.5869896012891
            ],
            [
              73.91234787330787,
              18.587106911021486
            ],
            [
              73.9123064708182,
              18.5869896016924
            ],
            [
              73.9120806766878,
              18.5868139845135
            ]
          ],
          [
            [
              73.91479679462306,
              18.590066769475353
            ],
            [
              73.9145874380914,
              18.5899071123582
            ],
            [
              73.91291332490017,
              18.587836357985864
            ],
            [
              73.914587438511,
              18.5899071126664
            ],
            [
              73.91479679462306,
              18.590066769475353
            ]
          ],
          [
            [
              73.9228153730823,
              18.593732633164134
            ],
            [
              73.9226121538878,
              18.5935443085156
            ],
            [
              73.92223287463527,
              18.5934202848272
            ],
            [
              73.9226121536949,
              18.5935443082209
            ],
            [
              73.9228153730823,
              18.593732633164134
            ]
          ],
          [
            [
              73.92463574208624,
              18.59641751576368
            ],
            [
              73.9247006300076,
              18.5958956756464
            ],
            [
              73.92448134257616,
              18.59560703254166
            ],
            [
              73.9247006303905,
              18.5958956760061
            ],
            [
              73.92463574208624,
              18.59641751576368
            ]
          ],
          [
            [
              73.9258297661306,
              18.5996867162667
            ],
            [
              73.9249192402291,
              18.5977838973607
            ],
            [
              73.92468434948981,
              18.5972246409845
            ],
            [
              73.9249192405908,
              18.5977838973879
            ],
            [
              73.9258297664768,
              18.5996867164523
            ],
            [
              73.9261850571645,
              18.6001804920031
            ],
            [
              73.92626328321877,
              18.600156252084453
            ],
            [
              73.9261850571108,
              18.6001804920461
            ],
            [
              73.9258297661306,
              18.5996867162667
            ]
          ],
          [
            [
              73.928252149761,
              18.6026746841224
            ],
            [
              73.9288073793377,
              18.6026167972026
            ],
            [
              73.92907779653466,
              18.602661352028004
            ],
            [
              73.9288073795701,
              18.6026167973909
            ],
            [
              73.9282521496119,
              18.6026746842114
            ],
            [
              73.9276008244643,
              18.6027421967934
            ],
            [
              73.9274229170273,
              18.599935939156
            ],
            [
              73.9272540721852,
              18.5984772112154
            ],
            [
              73.9269205675236,
              18.5984867577986
            ],
            [
              73.9268467089398,
              18.5996309402482
            ],
            [
              73.92665037577275,
              18.599891350353
            ],
            [
              73.926846708721,
              18.5996309401532
            ],
            [
              73.9269205670948,
              18.5984867576908
            ],
            [
              73.9272540726022,
              18.5984772110942
            ],
            [
              73.9274229173083,
              18.5999359393261
            ],
            [
              73.9276008248439,
              18.6027421965177
            ],
            [
              73.928252149761,
              18.6026746841224
            ]
          ],
          [
            [
              73.9327697145202,
              18.605536302788
            ],
            [
              73.9322985373936,
              18.604853071709
            ],
            [
              73.9315759830627,
              18.6038302815863
            ],
            [
              73.9307876245804,
              18.6031590276994
            ],
            [
              73.93071294571718,
              18.60312866275914
            ],
            [
              73.9307876247664,
              18.6031590277248
            ],
            [
              73.9315759832839,
              18.6038302817483
            ],
            [
              73.9322985378647,
              18.6048530714532
            ],
            [
              73.9327697149376,
              18.6055363025624
            ],
            [
              73.93327758053607,
              18.606285806913714
            ],
            [
              73.9327697145202,
              18.605536302788
            ]
          ],
          [
            [
              73.93533182952456,
              18.608676450281234
            ],
            [
              73.93594635579012,
              18.609143691142176
            ],
            [
              73.9353318295502,
              18.6086764503289
            ],
            [
              73.93533182952456,
              18.608676450281234
            ]
          ],
          [
            [
              73.9369200442667,
              18.609776893621
            ],
            [
              73.9367525969649,
              18.6108089153204
            ],
            [
              73.93704029104313,
              18.61110152215175
            ],
            [
              73.936752596746,
              18.610808915322
            ],
            [
              73.93692004379487,
              18.609776893323758
            ],
            [
              73.9369200442667,
              18.609776893621
            ]
          ],
          [
            [
              73.93715180681878,
              18.611214942118366
            ],
            [
              73.9378549478101,
              18.6114789546445
            ],
            [
              73.9388360340695,
              18.6116563682499
            ],
            [
              73.938836034098,
              18.61165636826502
            ],
            [
              73.9378549482313,
              18.6114789548109
            ],
            [
              73.9371518070824,
              18.6112149423865
            ],
            [
              73.93715180681878,
              18.611214942118366
            ]
          ],
          [
            [
              73.94036698375035,
              18.612167192563536
            ],
            [
              73.9396717215434,
              18.612099670675
            ],
            [
              73.93910875459275,
              18.611801036707874
            ],
            [
              73.9396717213977,
              18.6120996704102
            ],
            [
              73.94036698375035,
              18.612167192563536
            ]
          ],
          [
            [
              73.94152747474095,
              18.61272805388762
            ],
            [
              73.94166802962384,
              18.612842510324725
            ],
            [
              73.9416680295833,
              18.6128425103074
            ],
            [
              73.94152747474095,
              18.61272805388762
            ]
          ],
          [
            [
              73.94273087340058,
              18.614058495243025
            ],
            [
              73.9427372413547,
              18.6141024377646
            ],
            [
              73.9428708868211,
              18.6146069787185
            ],
            [
              73.94309600100412,
              18.615010383599305
            ],
            [
              73.9428708863994,
              18.6146069791333
            ],
            [
              73.9427372414075,
              18.6141024382048
            ],
            [
              73.94273087340058,
              18.614058495243025
            ]
          ],
          [
            [
              73.94452997934802,
              18.61698643667735
            ],
            [
              73.9442857516074,
              18.6167745503586
            ],
            [
              73.94382504514334,
              18.616113473924973
            ],
            [
              73.9442857519633,
              18.6167745503206
            ],
            [
              73.94452997934802,
              18.61698643667735
            ]
          ],
          [
            [
              73.9455055610309,
              18.6176755581459
            ],
            [
              73.9458741886486,
              18.6181526335096
            ],
            [
              73.94612288709355,
              18.61823466294362
            ],
            [
              73.9458741887872,
              18.6181526337585
            ],
            [
              73.94550556102793,
              18.617675558144196
            ],
            [
              73.9455055610309,
              18.6176755581459
            ]
          ],
          [
            [
              73.94665154029849,
              18.618792893076748
            ],
            [
              73.94668414148477,
              18.61881833835502
            ],
            [
              73.94665154035,
              18.6187928931663
            ],
            [
              73.94665154029849,
              18.618792893076748
            ]
          ]
        ]
      }
    }
  ]
}